code,name,price,change_pct,pe_ttm,pb,mcap_yi
000656,*ST金科,1.42,-1.39,0.49,3.81,107.54
600841,动力新科,7.41,-0.67,3.3,1.6,77.29
000498,山东路桥,5.13,-1.91,3.71,0.48,74.35
600015,华夏银行,6.72,-1.9,3.94,0.33,1034.02
601997,贵阳银行,5.87,-1.68,4.06,0.33,214.62
603323,苏农银行,4.7,-1.88,4.59,0.49,94.87
601577,长沙银行,9.43,-1.15,4.61,0.51,379.15
601528,瑞丰银行,4.69,-1.47,4.69,0.47,81.35
601336,新华保险,56.03,-2.71,4.74,1.41,1168.47
601818,光大银行,3.09,-0.96,4.83,0.36,1433.97
601186,中国铁建,6.31,-1.25,4.87,0.31,725.85
000001,平安银行,10.82,-1.55,4.88,0.45,2099.69
601166,兴业银行,18.29,-1.08,4.99,0.47,3870.69
002958,青农商行,2.9,-0.68,5.04,0.43,157.75
600908,无锡银行,5.39,-1.64,5.09,0.51,107.76
601668,中国建筑,4.71,-1.26,5.13,0.39,1946.19
002839,张家港行,4.18,-1.88,5.13,0.54,102.08
002807,江阴银行,3.91,-2.25,5.14,0.54,105.71
600016,民生银行,3.5,-1.13,5.22,0.27,1241.17
601169,北京银行,5.07,-1.17,5.23,0.38,1071.95
601128,常熟银行,6.98,-1.13,5.33,0.72,231.49
601229,上海银行,9.23,-0.32,5.41,0.52,1311.49
601390,中国中铁,4.66,-1.48,5.42,0.36,954.31
601601,中国太保,31.02,-0.96,5.53,0.93,2123.33
600502,安徽建工,5.01,-2.53,5.56,0.7,86.0
600928,西安银行,3.47,-1.7,5.73,0.43,153.49
601998,中信银行,7.33,-1.61,5.73,0.55,2987.93
002948,青岛银行,5.39,-2.0,5.75,0.74,189.85
600926,杭州银行,15.68,-2.12,5.79,0.81,1136.64
600919,江苏银行,11.24,-0.71,5.84,0.78,2062.69
601838,成都银行,18.83,-2.38,5.94,0.87,798.1
601077,渝农商行,6.57,-2.09,6.06,0.55,580.67
600000,浦发银行,9.19,-0.65,6.09,0.41,3060.81
601009,南京银行,11.01,-1.17,6.1,0.72,1361.23
601328,交通银行,6.72,-0.88,6.16,0.51,1752.07
601665,齐鲁银行,6.0,-1.64,6.25,0.73,369.23
601628,中国人寿,32.49,-1.19,6.34,1.53,6765.56
600036,招商银行,38.1,-1.04,6.37,0.85,7859.63
000885,城发环境,12.82,-2.88,6.44,0.84,82.31
601916,浙商银行,3.06,0.0,6.48,0.46,659.26
001227,兰州银行,2.09,-1.42,6.48,0.39,88.15
002966,苏州银行,8.08,-0.98,6.6,0.7,355.15
002142,宁波银行,30.45,-2.53,6.68,0.86,2009.53
601825,沪农商行,8.59,-1.83,6.71,0.63,805.26
601658,邮储银行,4.93,-1.0,6.74,0.57,3575.62
601319,中国人保,6.57,-1.35,6.82,0.91,2332.2
600704,物产中大,4.79,-2.44,6.86,0.59,247.7
601398,工商银行,7.23,-0.69,6.94,0.66,19492.96
000913,钱江摩托,11.25,-3.43,6.95,1.18,58.51
601117,中国化学,7.53,-1.95,7.01,0.67,457.04
601187,厦门银行,7.16,-1.51,7.04,0.69,188.55
000544,中原环保,7.79,-3.23,7.14,0.81,75.93
600064,南京高科,7.35,-1.87,7.21,0.64,127.18
601318,中国平安,53.23,-0.88,7.26,0.95,5674.35
600741,华域汽车,16.83,-1.41,7.4,0.78,530.6
601963,重庆银行,11.89,-1.0,7.4,0.74,241.85
000623,吉林敖东,16.98,-1.57,7.4,0.64,202.23
000685,中山公用,10.94,-2.76,7.44,0.84,136.38
000651,格力电器,38.88,-1.57,7.46,1.43,2146.96
601288,农业银行,6.3,-0.94,7.49,0.79,20112.39
601860,紫金银行,2.59,-0.38,7.58,0.46,91.99
601800,中国交建,6.28,-1.26,7.63,0.35,740.02
601939,建设银行,10.03,-0.3,7.68,0.74,962.24
601988,中国银行,5.9,-0.84,7.75,0.7,12435.17
601717,中创智领,18.43,2.05,8.03,1.31,284.22
600820,隧道股份,5.58,-2.11,8.04,0.55,175.44
688330,宏力达,36.21,-1.98,8.04,1.15,50.69
002936,郑州银行,1.76,-1.68,8.21,0.35,123.72
600018,上港集团,5.0,-1.38,8.52,0.8,1162.34
601919,中远海控,14.47,-1.16,8.85,0.94,1816.93
600970,中材国际,9.0,0.67,8.89,1.01,235.96
002668,TCL智家,9.28,-2.11,8.92,2.77,100.61
600269,赣粤高速,4.33,-0.46,8.98,0.51,101.12
600987,航民股份,6.52,-1.95,9.02,1.01,66.56
600210,紫江企业,6.5,-1.52,9.07,1.43,98.59
000987,越秀资本,7.74,-1.9,9.33,1.17,388.03
002588,史丹利,8.82,-2.65,9.35,1.29,75.73
600720,中交设计,5.87,-2.49,9.4,0.84,59.23
002736,国信证券,9.99,-1.09,9.43,1.02,960.28
600861,北京人力,14.11,-1.05,9.49,1.06,75.74
601669,中国电建,5.18,-1.89,9.56,0.61,677.11
000776,广发证券,19.15,-0.67,9.57,1.09,1130.63
603368,柳药集团,15.85,-1.74,9.59,0.79,62.96
601156,东航物流,16.61,-1.01,9.69,1.3,156.9
000589,贵州轮胎,4.59,-2.13,9.72,0.78,70.87
000719,中原传媒,13.11,-3.1,9.74,1.08,87.46
002061,浙江交科,3.51,-3.04,9.76,0.6,91.23
000902,新洋丰,12.47,-2.96,9.8,1.3,142.51
601688,华泰证券,19.11,-0.05,9.83,0.97,1396.32
600011,华能国际,8.75,-4.16,9.87,1.96,962.3
002572,索菲亚,8.81,0.11,9.97,1.29,57.39
605599,菜百股份,15.57,-1.46,9.99,2.39,121.1
600511,国药股份,26.69,-1.62,10.01,1.06,147.69
600874,创业环保,5.65,-2.75,10.04,0.84,69.52
600033,福建高速,3.52,-1.4,10.09,0.77,96.6
601811,新华文轩,12.81,-1.54,10.09,1.02,101.44
600757,长江传媒,7.9,-1.37,10.11,0.93,95.87
601900,南方传媒,11.74,-0.68,10.12,1.13,103.54
000543,皖能电力,9.6,-0.21,10.12,1.24,217.62
000783,长江证券,7.71,-2.03,10.14,1.16,426.37
600690,海尔智家,20.36,-1.64,10.2,1.53,1273.12
000598,兴蓉环境,6.92,-2.26,10.2,1.02,206.16
601607,上海医药,16.1,-1.23,10.28,0.77,449.06
601881,中国银河,12.06,-2.03,10.28,1.09,873.56
600039,四川路桥,8.32,1.84,10.31,1.37,723.47
600968,海油发展,4.01,-0.74,10.38,1.35,407.62
600096,云天化,30.22,-2.58,10.41,2.31,550.91
600639,浦东金桥,9.68,-1.22,10.42,0.72,82.3
603565,中谷物流,9.85,-3.71,10.44,1.98,206.86
600713,南京医药,4.97,-1.58,10.46,0.88,64.1
300926,博俊科技,19.9,-1.53,10.49,2.45,59.3
601598,中国外运,5.95,-1.65,10.52,1.02,306.87
600461,洪城环境,9.69,-2.42,10.57,1.22,124.43
002546,新联电子,7.13,-2.6,10.58,1.57,57.13
600062,华润双鹤,16.65,-0.89,10.64,1.43,172.86
600894,广日股份,8.9,0.0,10.66,0.85,75.04
002091,江苏国泰,8.28,-4.39,10.67,0.84,132.33
601677,明泰铝业,19.1,-3.05,10.69,1.2,237.47
600027,华电国际,5.44,-2.68,10.76,1.26,501.33
600710,苏美达,11.35,-1.3,10.81,1.73,148.32
600282,南钢股份,5.07,0.0,10.83,1.14,312.57
600873,梅花生物,9.24,0.33,10.89,1.58,259.11
601827,三峰环境,8.16,-3.09,10.9,1.09,136.43
600694,大商股份,14.4,-3.29,10.91,0.62,54.55
000686,东北证券,7.74,-2.4,10.92,0.89,181.15
000166,申万宏源,4.32,-2.04,10.94,0.94,973.53
600612,老凤祥,35.45,-1.53,10.98,1.35,112.42
002170,芭田股份,11.49,-2.38,10.99,3.19,90.44
000404,长虹华意,8.06,-0.25,11.0,1.27,55.83
603529,爱玛科技,20.73,-2.17,11.07,1.91,175.7
000528,柳    工,8.47,-0.94,11.07,0.94,172.29
300773,拉卡拉,23.75,-0.5,11.08,3.79,174.46
601555,东吴证券,7.55,-0.79,11.12,0.86,375.14
000600,建投能源,12.57,0.96,11.14,1.88,137.02
600999,招商证券,17.13,-1.04,11.19,1.2,1271.39
000563,陕国投Ａ,2.93,-1.35,11.22,0.82,149.84
600030,中信证券,25.59,-0.04,11.26,1.3,3115.98
002078,太阳纸业,13.18,-1.49,11.26,1.18,366.06
603889,新澳股份,5.93,-0.5,11.28,1.58,55.87
600023,浙能电力,6.24,-2.8,11.31,1.08,836.7
600428,中远海特,7.61,-1.93,11.35,1.22,163.36
000708,中信特钢,13.66,-0.29,11.38,1.63,689.44
600273,嘉化能源,7.12,-0.84,11.45,0.95,93.37
601163,三角轮胎,13.95,0.5,11.45,0.79,111.6
600368,五洲交通,3.97,-1.98,11.46,0.86,63.9
601058,赛轮轮胎,12.35,-1.59,11.47,1.81,406.08
600901,江苏金租,6.53,0.0,11.49,1.46,378.12
002867,周大生,12.15,-0.25,11.52,1.95,131.11
000028,国药一致,22.7,-1.9,11.53,0.67,108.52
601298,青岛港,9.34,-1.27,11.56,1.29,503.62
001872,招商港口,21.68,-2.25,11.57,0.82,499.07
601686,友发集团,5.33,-4.14,11.6,1.17,78.46
600483,福能股份,11.92,2.05,11.61,1.19,331.39
600323,瀚蓝环境,30.45,-0.91,11.65,1.63,248.27
000828,东莞控股,9.96,-1.09,11.65,1.02,103.54
603444,吉比特,328.3,-1.81,11.66,4.3,236.51
002215,诺 普 信,9.01,-2.91,11.66,1.98,72.35
688332,中科蓝讯,89.3,-1.82,11.68,3.16,159.39
000030,富奥股份,4.51,-1.96,11.68,0.91,75.36
600827,百联股份,8.07,-1.71,11.7,0.7,129.48
600528,中铁工业,7.21,-1.23,11.71,0.63,160.17
002608,江苏国信,10.5,1.94,11.73,1.11,396.7
002011,盾安环境,11.56,-1.45,11.76,1.82,122.49
600332,白云山,21.33,-1.07,11.77,0.88,299.88
601326,秦港股份,3.4,0.59,11.78,0.92,161.76
600098,广州发展,8.11,0.62,11.83,1.02,284.33
688336,三生国健,56.92,-2.55,11.83,4.08,351.07
603833,欧派家居,35.95,-2.55,11.88,1.18,218.99
000527,美的电器,14.02,0.0,11.88,2.1,474.49
000921,海信家电,26.55,0.0,11.88,1.99,243.76
600897,厦门空港,14.56,-1.75,11.91,1.22,60.71
300770,新媒股份,33.64,-2.29,11.92,2.16,76.64
600061,国投资本,6.3,-1.72,11.97,0.74,402.82
601766,中国中车,5.64,-0.53,11.98,0.92,1372.09
000932,华菱钢铁,3.93,-0.25,11.99,0.48,269.31
601108,财通证券,7.68,-2.66,12.05,0.94,356.64
600717,天津港,4.41,-1.34,12.06,0.62,127.63
603071,物产环能,14.24,-1.93,12.1,1.38,79.45
601518,吉林高速,3.15,0.96,12.11,1.02,59.55
600801,华新建材,18.95,-0.47,12.12,1.2,254.25
603995,甬金股份,18.9,-3.47,12.12,1.17,69.1
000550,江铃汽车,17.23,-1.32,12.17,1.24,89.33
601000,唐山港,4.29,-1.15,12.18,1.23,254.22
002705,新宝股份,12.49,-1.58,12.2,1.17,100.93
600035,楚天高速,3.81,-1.3,12.21,0.67,61.35
300724,捷佳伟创,76.38,2.1,12.21,1.96,219.76
000848,承德露露,7.91,-1.74,12.22,2.52,79.98
000690,宝新能源,5.83,0.34,12.26,1.0,126.77
600233,圆通速递,17.37,-0.8,12.28,1.64,594.56
601019,山东出版,6.94,-1.42,12.28,0.92,144.83
600019,宝钢股份,5.72,-1.89,12.29,0.6,1245.94
601857,中国石油,10.65,-1.84,12.32,1.2,17244.7
000999,华润三九,23.93,-1.32,12.34,1.79,397.88
600998,九州通,4.95,1.23,12.37,0.91,249.6
600761,安徽合力,16.97,0.3,12.43,1.41,151.15
002206,海 利 得,5.33,-2.74,12.44,1.59,56.34
601098,中南传媒,11.13,-0.71,12.45,1.21,199.89
600109,国金证券,8.03,-3.37,12.47,0.82,297.54
601107,四川成渝,6.05,-1.94,12.47,1.07,130.85
002508,老板电器,16.15,-1.76,12.48,1.35,150.77
002060,广东建工,3.59,1.41,12.51,0.97,56.11
600211,西藏药业,37.62,-1.08,12.53,3.35,121.26
002440,闰土股份,8.98,-1.43,12.53,1.0,84.98
603613,国联股份,23.15,-1.32,12.58,1.78,166.8
601901,方正证券,6.53,-1.66,12.62,1.03,537.56
600398,海澜之家,5.74,-1.2,12.65,1.59,275.68
600517,国网英大,5.14,-2.1,12.69,1.23,293.93
601018,宁波港,3.39,-1.74,12.77,0.82,659.5
600583,海油工程,5.74,0.0,12.8,0.87,253.79
000568,泸州老窖,86.6,-1.09,12.82,2.47,1273.94
000680,山推股份,10.85,0.28,12.83,2.51,142.64
002140,东华科技,10.05,-1.95,12.83,1.46,71.05
601898,中煤能源,17.2,0.58,12.84,1.39,1574.14
601311,骆驼股份,8.36,-3.58,12.9,0.96,98.08
601921,浙版传媒,7.29,-0.55,12.91,1.12,162.0
002004,华邦健康,4.46,-1.98,12.92,0.85,84.0
601139,深圳燃气,6.5,-1.52,12.97,1.13,186.99
600008,首创环保,3.19,-1.85,12.99,1.11,234.16
601211,国泰海通,16.2,-0.74,13.01,0.87,2186.5
600496,精工钢构,4.14,0.98,13.03,0.88,82.39
600507,方大特钢,4.51,-1.74,13.04,1.06,104.32
002555,三七互娱,19.0,-2.46,13.04,3.2,301.6
600642,申能股份,10.12,-2.6,13.07,1.3,495.25
000728,国元证券,6.97,-2.11,13.07,0.78,304.16
601899,紫金矿业,30.34,-2.97,13.08,4.09,6250.58
600057,厦门象屿,6.02,-1.63,13.09,1.08,125.97
601877,正泰电器,28.08,-2.02,13.1,1.33,603.43
601928,凤凰传媒,8.81,-0.68,13.1,1.1,224.21
600060,海信视像,25.02,-0.16,13.11,1.5,325.3
600867,通化东宝,8.28,-0.84,13.11,2.24,162.17
600585,海螺水泥,19.23,-1.89,13.12,0.53,769.14
000786,北新建材,22.1,-2.0,13.12,1.35,373.38
600983,惠而浦,8.57,-1.49,13.16,2.14,65.68
600742,富维股份,7.94,-0.75,13.17,0.7,59.0
600958,东方证券,8.97,-2.07,13.17,0.93,670.01
600346,恒力石化,16.73,-4.45,13.18,1.72,1177.64
600177,雅戈尔,7.33,-1.61,13.21,0.8,330.1
002468,申通快递,13.73,-3.31,13.21,1.84,201.02
603799,华友钴业,51.3,-3.61,13.23,1.96,968.34
600780,通宝能源,7.55,-3.45,13.28,1.01,86.56
603816,顾家家居,28.58,-2.46,13.28,2.12,232.12
300388,节能国祯,7.39,-3.27,13.31,1.05,50.33
002926,华西证券,7.95,-1.85,13.35,0.83,208.69
600104,上汽集团,11.82,-2.15,13.44,0.45,1358.74
600125,铁龙物流,5.57,-1.59,13.49,0.93,72.72
601918,新集能源,11.22,-0.36,13.5,1.66,290.66
002697,红旗连锁,4.63,-2.11,13.5,1.32,53.03
600938,中国海油,35.45,-2.29,13.52,2.01,1059.95
002648,卫星化学,23.51,-2.49,13.52,2.23,791.46
600377,宁沪高速,12.75,-0.7,13.53,1.48,484.78
600961,株冶集团,25.14,-3.57,13.54,5.34,189.01
600809,山西汾酒,122.1,-1.13,13.56,3.31,1489.58
603338,浙江鼎力,51.78,2.21,13.63,2.21,262.19
600380,健康元,9.8,-1.8,13.64,1.15,179.29
600795,国电电力,5.16,-1.34,13.64,1.51,920.32
600803,新奥股份,19.22,-2.14,13.65,2.46,590.39
000915,华特达因,27.02,-1.67,13.67,2.13,63.28
002043,兔 宝 宝,12.35,1.4,13.68,3.21,99.73
000513,丽珠集团,30.35,-0.72,13.72,1.86,172.43
002299,圣农发展,16.4,-2.32,13.72,1.82,199.91
600648,外高桥,9.18,-4.08,13.73,0.78,104.45
000411,英特集团,11.68,-1.1,13.73,1.22,65.84
601512,中新集团,8.44,-1.52,13.81,0.82,126.51
002939,长城证券,8.1,-1.7,13.81,1.0,291.82
301061,匠心家居,40.3,-0.98,13.81,2.7,76.14
603939,益丰药房,19.7,-2.04,13.82,2.0,238.84
300815,玉禾田,19.5,-2.35,13.86,1.65,76.12
002911,佛燃能源,11.04,-1.6,13.89,3.39,139.88
600887,伊利股份,26.56,-0.6,13.9,2.82,1671.67
002928,华夏航空,7.37,1.8,13.9,2.37,94.21
600020,中原高速,3.96,-0.25,13.91,0.75,89.0
001965,招商公路,9.48,-2.17,13.91,0.92,644.18
300979,华利集团,33.72,-1.78,13.91,2.6,393.51
000963,华东医药,27.84,-1.35,13.94,1.9,488.04
002236,大华股份,16.69,-1.82,13.98,1.48,399.08
600711,盛屯矿业,12.18,-4.47,13.99,2.17,376.44
600329,达仁堂,39.63,0.81,14.0,4.06,224.74
002034,旺能环境,19.56,-2.98,14.0,1.39,100.65
601216,君正集团,5.03,-2.33,14.02,1.42,424.43
600933,爱柯迪,15.45,-0.64,14.05,1.62,151.57
000899,赣能股份,14.63,-2.53,14.05,2.14,142.74
002001,新 和 成,30.68,2.03,14.05,2.89,931.71
603198,迎驾贡酒,35.01,-2.4,14.06,2.44,280.08
603871,嘉友国际,12.41,3.16,14.07,2.7,169.77
002345,潮宏基,9.05,-1.63,14.07,2.17,78.48
601995,中金公司,33.03,-2.71,14.08,1.55,965.65
601975,招商南油,4.39,-1.79,14.09,1.73,205.47
300043,星辉娱乐,4.54,-2.16,14.09,3.16,56.46
300360,炬华科技,13.35,-4.37,14.09,1.68,66.79
600618,氯碱化工,10.22,-2.67,14.12,1.24,76.63
603173,福斯达,35.15,1.06,14.13,2.71,56.24
605050,福然德,10.65,-2.02,14.14,1.18,52.49
002961,瑞达期货,19.85,-4.34,14.14,2.37,94.67
601333,广深铁路,3.07,-0.97,14.15,0.75,173.52
002014,永新股份,10.17,-1.74,14.16,2.59,61.29
000333,美的集团,82.42,-0.23,14.2,2.7,5655.53
603233,大参林,16.08,-0.68,14.24,2.38,183.13
603508,思维列控,22.06,-1.43,14.26,2.12,84.11
688101,三达膜,17.23,0.58,14.28,1.28,57.21
002020,京新药业,12.63,-2.02,14.31,1.78,91.44
601199,江南水务,5.53,-2.3,14.34,1.1,51.72
603259,药明康德,96.75,-2.12,14.34,3.63,2392.9
688009,中国通号,4.94,-2.56,14.35,1.09,425.88
603055,XD台华新,8.08,-3.35,14.39,1.37,71.67
605183,确成股份,15.17,-0.59,14.39,1.67,62.57
300415,伊之密,21.84,-1.18,14.39,3.02,98.96
000900,现代投资,3.75,-2.34,14.43,0.52,56.92
603612,索通发展,20.55,-4.2,14.45,1.73,102.36
002120,韵达股份,6.67,-1.33,14.46,0.91,187.77
603298,杭叉集团,24.66,0.65,14.48,2.81,323.0
601801,皖新传媒,5.55,-1.77,14.49,0.89,108.67
002039,黔源电力,21.63,-3.09,14.51,2.12,92.48
000951,中国重汽,22.48,-1.27,14.52,1.59,262.79
002483,润邦股份,5.88,3.89,14.53,1.17,52.05
300181,佐力药业,13.51,-1.24,14.57,2.98,81.45
301219,腾远钴业,57.81,-3.07,14.58,2.31,157.96
600566,济川药业,27.51,-0.29,14.59,1.69,252.69
002318,久立特材,22.64,0.89,14.6,2.72,216.14
002701,奥瑞金,4.91,-1.01,14.63,1.23,125.57
600300,维维股份,3.15,-1.87,14.65,1.44,50.94
600662,外服控股,4.35,-1.58,14.65,1.83,99.03
002293,罗莱生活,9.74,-0.71,14.65,2.04,80.55
600295,鄂尔多斯,13.42,-2.04,14.68,1.67,265.12
601233,桐昆股份,20.49,0.29,14.68,1.21,486.57
300428,立中集团,19.81,-3.6,14.72,1.5,118.22
002563,森马服饰,5.41,-0.73,14.73,1.29,119.4
601339,百隆东方,7.13,-2.06,14.74,1.14,106.92
603367,辰欣药业,13.31,-1.99,14.75,0.96,60.26
000157,中联重科,7.39,1.93,14.75,1.1,522.45
003013,地铁设计,15.43,0.59,14.79,2.11,61.71
605305,中际联合,39.04,-1.41,14.8,2.78,82.97
600270,外运发展,20.99,0.0,14.81,2.25,190.06
603680,今创集团,11.74,-1.1,14.81,1.57,92.01
001286,陕西能源,12.64,-2.62,14.84,1.72,170.64
600079,ST人福,17.34,-0.4,14.87,1.46,267.59
603100,川仪股份,18.6,-3.13,14.88,2.04,95.15
002128,电投能源,29.63,-3.26,14.93,1.86,664.18
688526,科前生物,12.51,-2.49,14.96,1.45,58.31
002533,金杯电工,12.13,-2.8,14.96,2.12,77.35
002478,常宝股份,7.29,2.68,14.99,1.08,52.69
603515,欧普照明,18.37,-2.08,15.0,1.91,135.26
600415,小商品城,12.02,-3.84,15.01,2.76,659.12
002432,九安医疗,73.92,-4.25,15.01,1.65,343.93
601965,中国汽研,15.72,-0.82,15.02,1.97,156.95
001914,招商积余,9.53,-2.36,15.02,0.92,100.42
002517,恺英网络,15.23,-1.42,15.02,3.14,287.71
603111,康尼机电,6.21,-1.27,15.03,1.3,52.96
002444,巨星科技,32.26,-0.8,15.03,2.02,369.93
603128,华贸物流,5.32,-1.66,15.05,1.1,69.64
000792,盐湖股份,29.35,-2.94,15.06,3.47,1553.06
002233,塔牌集团,7.91,-1.0,15.08,0.8,92.81
600012,皖通高速,16.45,1.48,15.09,2.1,191.74
600886,国投电力,14.03,-1.89,15.11,1.63,1045.82
002352,顺丰控股,34.25,-0.93,15.13,1.75,1633.73
603899,晨光股份,21.98,-2.53,15.23,2.32,202.43
601872,招商轮船,14.96,-1.12,15.27,2.68,1207.95
603568,伟明环保,14.46,-2.1,15.32,2.08,296.21
600317,营口港,2.6,0.0,15.36,1.3,168.3
600285,羚锐制药,21.38,-1.02,15.37,3.32,120.98
002984,森麒麟,14.44,-1.97,15.37,1.11,103.09
002448,中原内配,12.99,0.08,15.39,1.94,75.41
600004,白云机场,8.03,-1.11,15.44,0.98,190.05
601886,江河集团,8.43,-3.33,15.44,1.36,95.51
002437,誉衡药业,2.85,-2.06,15.44,2.66,59.85
600216,浙江医药,12.08,-2.58,15.46,1.03,114.93
002244,滨江集团,9.71,-3.38,15.48,1.0,267.76
002997,瑞鹄模具,29.69,-1.53,15.49,2.41,62.15
603599,广信股份,11.12,0.27,15.5,0.99,101.22
000957,中通客车,10.0,-3.01,15.5,1.84,59.29
600582,天地科技,5.41,-1.28,15.51,0.86,223.9
000088,盐 田 港,4.4,-0.9,15.51,1.24,139.17
600660,福耀玻璃,53.5,-0.71,15.52,3.88,1071.6
688578,艾力斯,83.26,-1.54,15.52,5.01,374.67
600050,中国联通,4.3,-1.6,15.53,0.79,1332.59
603153,上海建科,14.07,-1.88,15.53,1.48,56.81
600170,上海建工,2.48,-1.98,15.55,0.7,220.37
601633,长城汽车,16.66,-1.94,15.73,1.62,1034.46
601788,光大证券,13.94,-2.11,15.79,1.03,544.59
600587,新华医疗,12.78,-2.14,15.82,0.99,77.53
002284,亚太股份,11.46,0.09,15.92,2.42,83.91
601878,浙商证券,9.11,-1.94,15.98,1.11,416.67
600941,中国移动,100.16,0.0,15.99,1.53,904.21
300446,航天智造,15.76,-1.81,16.0,2.2,58.87
603766,隆鑫通用,12.58,-4.33,16.02,2.99,258.34
000895,双汇发展,24.33,-1.22,16.03,4.24,842.84
600674,川投能源,15.57,0.71,16.05,1.64,758.98
002073,软控股份,5.61,-1.75,16.08,0.9,56.89
601377,兴业证券,5.85,1.39,16.09,0.89,505.21
600426,华鲁恒升,28.35,-4.67,16.1,1.77,599.62
300850,新强联,31.08,-3.06,16.14,1.83,93.48
605507,国邦医药,15.85,0.83,16.18,1.48,124.0
000755,山西高速,5.19,-4.07,16.19,1.35,76.15
600607,上实医药,23.52,0.0,16.21,3.74,86.51
601808,中海油服,12.95,-1.15,16.22,1.3,383.38
000567,海德股份,5.89,-3.13,16.27,1.91,114.77
002734,利民股份,17.23,1.77,16.27,2.11,74.84
002959,小熊电器,35.87,-3.32,16.33,1.95,53.99
002375,亚厦股份,4.01,-4.07,16.34,0.65,53.37
688425,铁建重工,4.29,-1.15,16.35,1.21,228.81
600028,中国石化,4.82,-0.82,16.4,0.7,4567.07
601225,陕西煤业,27.41,1.07,16.43,2.6,2657.4
002673,西部证券,6.43,-1.83,16.45,0.94,287.39
600480,XD凌云股,10.43,-2.61,16.48,1.62,126.5
000538,云南白药,48.6,-1.12,16.5,2.21,861.65
600267,海正药业,9.68,-2.42,16.53,1.3,116.04
600420,国药现代,8.87,-1.55,16.55,0.87,118.96
603379,XD三美股,58.8,-2.21,16.57,4.55,358.96
000596,古井贡酒,88.57,-2.12,16.57,1.79,361.9
000581,威孚高科,18.72,-1.47,16.63,0.89,148.62
002605,姚记科技,18.58,-1.38,16.64,1.99,62.84
002267,陕天然气,7.44,-2.11,16.67,1.18,82.74
000778,新兴铸管,4.24,-0.93,16.68,0.63,165.09
600739,辽宁成大,10.31,-2.27,16.69,0.53,156.95
601200,上海环境,7.48,-1.97,16.69,0.85,100.7
600251,冠农股份,9.77,-2.4,16.7,1.88,75.91
301039,中集车辆,7.86,-1.13,16.7,1.0,114.16
002275,桂林三金,12.87,-1.53,16.71,2.4,71.7
002539,云图控股,12.13,-3.73,16.71,1.51,107.93
601949,中国出版,5.06,-1.75,16.74,0.97,96.34
600196,复星医药,21.82,-1.62,16.76,1.19,462.25
603013,亚普股份,18.5,-1.86,16.76,2.11,94.02
000975,山金国际,22.21,-2.67,16.77,4.16,560.41
603194,XD中力股,35.55,1.98,16.79,2.66,56.18
000425,徐工机械,9.45,0.85,16.79,1.77,847.84
601038,一拖股份,12.63,-1.64,16.8,1.73,92.41
603043,广州酒家,14.48,2.04,16.82,2.19,81.66
601168,西部矿业,31.25,-4.58,16.84,3.73,744.69
603456,九洲药业,12.34,-1.75,16.84,1.23,109.76
603195,XD公牛集,38.78,-2.56,16.88,4.88,698.3
600166,福田汽车,3.05,-1.29,16.89,1.5,241.48
603279,景津装备,13.98,-2.44,16.89,1.8,80.58
603658,安图生物,30.58,-1.39,16.89,2.08,174.74
000422,湖北宜化,13.31,-3.06,16.9,2.33,140.8
601966,玲珑轮胎,12.09,-1.87,16.93,0.77,176.94
003012,东鹏控股,4.87,-1.02,16.95,0.77,55.25
000682,东方电子,12.99,-3.71,16.96,2.83,174.14
601022,宁波远洋,8.03,-1.23,16.99,1.67,105.08
600993,马应龙,23.32,-1.81,17.02,2.19,100.35
601021,春秋航空,45.65,-0.37,17.03,2.4,446.61
600350,山东高速,11.4,1.24,17.04,1.8,551.14
600988,赤峰黄金,32.23,-3.65,17.07,4.48,536.28
600531,豫光金铅,12.83,-4.04,17.12,2.18,155.15
002752,昇兴股份,6.42,-1.98,17.15,1.75,62.63
600309,万华化学,72.17,-2.7,17.16,2.1,2259.26
002003,伟星股份,9.22,-3.35,17.2,2.61,94.24
002507,涪陵榨菜,11.47,-0.86,17.23,1.51,131.99
600258,首旅酒店,12.94,-1.6,17.25,1.18,144.49
601066,中信建投,25.07,-1.88,17.26,2.25,1628.46
002032,苏 泊 尔,45.46,-1.2,17.27,7.89,363.45
603855,华荣股份,17.83,0.28,17.28,2.68,59.83
600600,青岛啤酒,59.43,-0.65,17.33,2.5,421.43
300573,兴齐眼药,36.69,-2.96,17.33,6.76,100.68
601728,中国电信,6.01,-1.8,17.36,1.17,4665.55
600866,星湖科技,4.79,-2.64,17.38,0.97,60.15
300358,楚天科技,8.06,-2.07,17.41,1.03,56.52
600489,中金黄金,22.55,-2.51,17.42,3.33,1093.07
600817,宇通重工,9.87,-1.0,17.44,2.02,52.24
601061,中信金属,12.44,-3.72,17.44,2.52,609.56
002287,奇正藏药,20.37,-2.07,17.45,2.31,116.3
002602,世纪华通,14.88,-0.93,17.46,3.44,1011.37
600120,浙江东方,4.74,-1.86,17.48,0.99,161.89
603181,皇马科技,13.28,-3.77,17.48,2.16,78.18
002833,弘亚数控,18.28,1.27,17.48,2.84,52.69
689009,九号公司-WD,36.23,-1.82,17.49,3.52,202.73
600026,中远海能,17.7,-1.34,17.6,2.01,677.5
002255,海陆重工,9.48,-1.56,17.64,1.72,60.48
600578,京能电力,9.36,0.21,17.67,2.49,626.62
603053,成都燃气,9.32,-1.48,17.67,1.64,82.84
600179,安通控股,4.59,3.15,17.68,1.6,177.28
000423,东阿阿胶,48.6,-1.46,17.69,3.17,312.43
001323,慕思股份,20.58,-1.44,17.7,1.94,64.05
600007,中国国贸,21.03,-0.52,17.71,2.11,211.83
603556,海兴电力,24.76,-2.48,17.73,1.61,120.4
000883,湖北能源,5.18,-2.45,17.81,0.97,335.64
600750,华润江中,25.51,-2.26,17.82,3.76,160.41
601006,大秦铁路,5.13,-0.39,17.83,0.62,1018.97
603979,金诚信,72.0,-3.36,17.83,3.92,449.13
603605,珀莱雅,66.48,3.39,17.86,4.14,263.24
300435,中泰股份,18.2,0.22,17.88,2.09,67.14
603733,仙鹤股份,26.0,2.28,17.91,2.1,184.01
000887,中鼎股份,20.55,-0.39,17.93,1.87,270.1
300470,中密控股,30.9,-1.25,17.97,2.16,60.92
002266,浙富控股,5.0,-1.96,18.01,2.06,242.13
002690,美亚光电,14.86,-2.37,18.04,5.44,64.45
300910,瑞丰新材,32.16,-0.74,18.08,3.5,86.28
600535,天士力,14.06,-0.5,18.09,1.66,210.05
600388,龙净环保,16.7,-2.05,18.11,1.98,212.1
002226,江南化工,5.03,-1.37,18.11,1.37,133.24
601702,华峰铝业,21.4,1.09,18.13,3.2,213.69
601816,京沪高铁,4.95,-2.17,18.14,1.15,2421.82
000429,粤高速Ａ,13.85,0.36,18.15,2.51,180.51
002832,比音勒芬,19.28,-3.21,18.17,1.92,75.08
600352,浙江龙盛,11.04,-0.81,18.23,1.08,359.17
300628,亿联网络,38.77,-1.3,18.23,5.89,281.41
002545,东方铁塔,20.6,-3.06,18.28,2.51,232.81
002204,大连重工,5.81,-0.68,18.33,1.4,112.21
603227,雪峰科技,8.31,-2.58,18.34,1.76,89.06
002941,新疆交建,11.68,-0.68,18.37,1.82,85.23
002262,恩华药业,19.43,-2.46,18.38,2.48,171.75
002216,三全食品,12.69,-0.86,18.43,2.29,80.01
605090,九丰能源,36.82,0.08,18.46,2.26,259.41
002249,大洋电机,8.22,-0.24,18.47,2.1,153.05
002603,以岭药业,15.17,-1.75,18.51,2.22,208.82
000027,深圳能源,7.79,-2.14,18.52,1.11,370.6
000418,小天鹅A,57.39,0.0,18.57,4.06,252.14
600787,中储股份,4.64,-2.73,18.61,0.72,100.69
002946,新乳业,16.96,-3.25,18.61,3.82,144.28
002083,孚日股份,9.47,-2.97,18.62,1.84,89.62
600221,海航控股,1.48,-0.67,18.63,9.2,634.11
002773,康弘药业,21.64,0.37,18.63,2.08,148.62
300119,瑞普生物,15.82,-1.13,18.74,1.59,52.78
600909,华安证券,7.53,1.21,18.76,1.43,378.32
002452,长高电气,11.07,-1.69,18.77,2.53,57.33
601089,福元医药,16.99,-1.62,18.78,2.24,81.55
002415,海康威视,30.63,-0.45,18.79,3.54,2770.91
600298,安琪酵母,34.66,-2.09,18.8,2.41,297.09
600900,长江电力,27.72,-0.61,18.8,2.98,6782.59
688819,天能股份,24.13,-1.11,18.82,1.37,234.57
600548,深高速,8.77,-1.24,18.85,0.95,150.36
002101,广东鸿图,8.82,-1.23,18.85,0.74,58.41
000729,燕京啤酒,11.9,-1.82,18.86,2.13,298.64
002311,海大集团,44.57,-3.67,18.88,3.0,732.8
600486,扬农化工,58.8,0.62,18.89,2.01,237.55
603345,安井食品,86.88,-3.23,18.95,1.8,254.81
600499,科达制造,15.31,-4.25,18.96,2.23,293.62
600425,青松建化,3.61,-2.43,18.98,0.9,57.93
600631,百联股份(已合并),15.68,0.0,19.0,2.57,172.64
600389,江山股份,24.73,-2.64,19.03,2.55,106.5
600790,轻纺城,3.94,-3.19,19.03,0.97,57.75
688169,石头科技,104.2,-0.64,19.04,1.89,270.15
300009,安科生物,7.91,-1.86,19.05,3.06,97.31
600826,兰生股份,8.74,-0.79,19.07,1.48,64.29
688187,时代电气,58.15,1.77,19.07,1.82,505.27
600529,山东药玻,19.2,0.73,19.1,1.54,127.41
002906,华阳集团,28.87,-0.89,19.14,2.2,151.46
600519,贵州茅台,1268.0,-1.09,19.16,5.92,15851.03
600575,淮河能源,4.19,-3.01,19.3,1.35,162.83
002558,巨人网络,25.25,-1.33,19.3,3.01,479.89
002847,盐津铺子,56.68,0.5,19.3,7.12,138.21
600017,日照港,2.76,-1.08,19.36,0.6,84.89
600335,国机汽车,5.41,-2.7,19.45,0.69,80.47
603486,科沃斯,56.72,-1.53,19.45,3.54,325.21
603317,天味食品,13.62,-3.54,19.46,3.47,145.01
000928,中钢国际,5.95,-1.16,19.48,0.99,85.36
605116,奥锐特,18.9,-1.56,19.5,2.84,76.77
600284,浦东建设,5.67,-1.73,19.52,0.7,55.01
002500,山西证券,5.06,-1.36,19.53,0.97,181.64
301035,润丰股份,51.12,-3.47,19.55,2.53,186.06
002768,国恩股份,64.08,0.75,19.56,2.8,113.26
605098,XD行动教,54.31,-1.04,19.58,7.15,64.77
603235,天新药业,23.34,-1.35,19.65,2.02,102.18
600102,莱钢股份,7.13,0.0,19.68,1.06,65.76
688789,宏华数科,50.55,-2.0,19.74,2.52,91.12
600031,三一重工,18.14,1.0,19.81,1.84,1537.25
002978,安宁股份,26.97,-2.85,19.81,1.45,99.59
603969,银龙股份,8.24,-1.2,19.86,2.54,70.01
002096,易普力,11.77,1.47,19.87,1.8,146.0
600362,江西铜业,46.05,-4.1,19.94,1.9,955.65
601198,东兴证券,12.8,-2.44,19.94,1.34,413.75
000650,仁和药业,5.27,-1.13,19.98,1.14,70.16
603393,新天然气,27.21,-1.91,20.07,1.22,115.16
000531,穗恒运Ａ,7.69,-2.41,20.09,1.15,69.96
002372,伟星新材,9.42,-1.36,20.09,3.37,138.55
688093,世华科技,28.6,-2.22,20.19,2.88,80.19
000100,TCL科技,4.92,3.8,20.22,1.63,941.3
002223,鱼跃医疗,25.94,-1.89,20.23,1.99,244.43
300140,节能环境,5.94,-2.62,20.23,1.3,60.6
300641,正丹股份,15.13,-2.95,20.24,2.43,79.51
605319,无锡振华,27.3,2.32,20.27,3.34,95.05
601991,大唐发电,8.81,-3.19,20.28,4.43,1092.1
300695,兆丰股份,60.21,-1.78,20.36,2.14,61.57
002332,仙琚制药,8.27,-1.55,20.48,1.39,81.42
000617,中油资本,7.46,-2.74,20.53,0.89,943.1
002423,中粮资本,9.03,-1.53,20.58,0.87,208.06
300002,神州泰岳,7.68,-1.79,20.59,1.93,141.83
600621,华鑫股份,12.7,-2.08,20.61,1.44,134.73
600754,锦江酒店,19.85,-1.78,20.62,1.36,179.85
601088,中国神华,49.02,0.35,20.62,2.12,8083.91
000709,河钢股份,2.18,-1.36,20.62,0.43,225.31
001207,联科科技,18.7,-1.06,20.63,2.45,54.72
603299,苏盐井神,10.16,-1.84,20.64,1.18,79.3
000549,S湘火炬,8.9,0.0,20.68,4.1,55.09
002714,牧原股份,35.13,-2.96,20.73,2.42,1335.01
603129,春风动力,227.37,-0.79,20.74,4.74,348.97
603587,地素时尚,12.21,-1.77,20.79,1.55,57.89
688016,心脉医疗,99.29,-3.08,20.8,2.9,122.39
000739,普洛药业,16.05,-2.43,20.86,2.95,185.86
000997,新 大 陆,20.21,1.4,20.87,2.72,203.6
002541,鸿路钢构,19.5,1.88,20.95,1.37,96.75
600089,特变电工,25.65,-2.21,21.01,1.8,1296.04
002026,山东威达,12.27,-2.08,21.03,1.4,54.05
300832,新产业,43.49,-2.27,21.03,4.0,297.09
603885,吉祥航空,10.94,-0.18,21.05,2.31,238.93
600598,北大荒,14.34,-1.1,21.1,3.35,254.92
688349,三一重能,18.68,-3.46,21.16,1.59,222.2
300888,稳健医疗,28.05,-0.92,21.19,1.41,162.61
301015,百洋医药,20.73,0.58,21.21,4.98,108.95
601866,中远海发,2.48,-1.98,21.22,1.05,241.85
002010,传化智联,5.08,-2.5,21.31,0.77,140.07
600546,山煤国际,14.46,-1.63,21.39,1.72,286.66
000557,西部创业,4.09,-2.15,21.39,0.93,59.63
605368,蓝天燃气,7.06,-1.26,21.4,1.52,50.45
688208,道通科技,29.75,-3.28,21.41,5.66,199.38
603223,恒通股份,9.63,-1.43,21.45,1.66,67.97
603277,银都股份,11.53,-1.54,21.55,2.48,70.3
000551,创元科技,15.11,-1.37,21.56,2.41,73.22
000089,深圳机场,6.53,-1.36,21.58,1.13,133.92
603337,杰克科技,39.34,-2.55,21.62,3.49,186.36
603596,伯特利,31.51,1.51,21.63,3.61,282.85
603025,大豪科技,15.12,-2.58,21.66,6.86,167.71
000950,重药控股,5.43,-2.34,21.71,0.8,93.84
300144,宋城演艺,6.46,-2.56,21.73,2.17,167.79
600025,华能水电,9.98,-1.48,21.77,2.62,1859.38
600572,康恩贝,4.15,-0.48,21.78,1.45,105.01
688278,特宝生物,54.1,-1.83,21.79,6.53,220.83
601868,中国能建,2.8,-1.75,21.8,1.04,908.0
605499,东鹏饮料,139.43,-3.15,21.81,5.37,942.57
002027,分众传媒,5.44,-1.09,21.82,5.09,785.66
603707,健友股份,7.93,-2.34,21.87,1.85,128.12
300595,欧普康视,11.45,-2.88,22.02,2.07,76.54
601958,金钼股份,23.09,-3.63,22.05,3.76,745.02
601799,星宇股份,127.95,3.7,22.06,3.3,365.53
300760,迈瑞医疗,142.59,-1.38,22.06,4.48,1727.33
605333,沪光股份,19.9,-1.73,22.07,2.68,92.34
300146,汤臣倍健,9.55,-1.55,22.15,1.5,107.03
002155,湖南黄金,24.87,-2.39,22.19,4.46,388.6
603218,日月股份,11.19,-2.1,22.28,1.11,115.14
600814,杭州解百,6.92,-3.49,22.3,1.33,50.87
002461,珠江啤酒,9.33,-3.62,22.3,1.84,206.5
601127,赛力斯,76.37,-3.45,22.31,3.33,1189.24
000065,北方国际,12.63,3.69,22.33,1.31,123.14
300685,艾德生物,20.41,0.0,22.37,4.26,79.51
002841,视源股份,35.36,-2.51,22.41,1.88,183.66
600348,华阳股份,9.88,1.86,22.42,1.28,356.42
605099,共创草坪,39.68,0.66,22.42,4.79,159.3
002315,焦点科技,26.62,-3.27,22.43,4.13,69.99
603883,老百姓,11.76,-2.97,22.59,1.31,89.25
002351,漫步者,10.96,-3.18,22.61,3.36,57.11
300012,华测检测,14.22,-2.2,22.61,3.13,203.52
600312,平高电气,19.61,-2.29,22.62,2.28,266.09
300059,东方财富,18.74,-0.9,22.62,3.09,2502.41
603165,荣晟环保,16.59,0.79,22.66,2.01,51.88
601369,陕鼓动力,9.11,1.79,22.69,1.78,155.44
601567,三星电气,15.41,-3.26,22.75,1.85,216.54
000703,恒逸石化,13.11,-2.89,22.75,1.89,498.43
000893,亚钾国际,44.9,-1.58,22.79,3.01,364.5
605007,五洲特纸,13.41,-2.69,22.82,1.81,53.85
688155,先惠技术,80.48,-2.32,22.82,4.3,101.76
002831,裕同科技,28.37,-1.22,22.89,3.15,202.62
002392,北京利尔,7.79,-1.64,22.9,1.56,90.17
601001,晋控煤业,22.69,3.7,22.91,1.94,379.76
601456,国联民生,8.61,-1.71,22.97,0.91,376.86
600406,国电南瑞,23.8,-1.86,22.98,3.57,1905.95
002880,卫光生物,23.66,-2.91,22.98,2.24,53.66
600557,康缘药业,12.19,-1.61,23.02,1.41,69.01
600369,西南证券,3.91,-1.76,23.05,0.98,259.82
600872,中炬高新,18.34,-2.24,23.08,2.4,141.4
601789,宁波建工,4.79,-2.04,23.08,1.16,52.06
601985,中国核电,9.25,-0.11,23.11,1.59,1746.7
300456,赛微电子,44.92,-1.9,23.13,5.18,268.37
605009,豪悦护理,24.25,-2.84,23.19,1.5,52.15
601003,柳钢股份,3.84,-0.52,23.3,1.08,98.41
601952,苏垦农发,8.72,-1.58,23.35,1.7,120.16
601882,海天精工,19.76,-2.66,23.37,3.55,103.15
603300,海南华铁,5.22,-1.14,23.37,1.56,104.12
301048,金鹰重工,9.39,-1.16,23.39,1.75,50.08
688550,瑞联新材,41.45,-1.19,23.45,2.26,72.06
600927,永安期货,13.13,-2.01,23.48,1.43,191.11
300015,爱尔眼科,8.5,-3.41,23.51,3.44,676.21
300444,双杰电气,13.67,-2.01,23.6,5.29,85.77
605088,XD冠盛股,33.69,-1.61,23.63,2.41,67.28
600848,上海临港,8.64,-4.74,23.65,1.3,206.83
002340,格林美,7.39,-3.78,23.69,1.73,375.12
002550,千红制药,5.98,-1.97,23.7,2.87,56.29
002537,海联金汇,6.11,-1.77,23.77,1.63,71.44
002258,利尔化学,13.11,-0.15,23.81,1.31,104.77
000888,峨眉山Ａ,9.97,-2.35,23.84,1.93,52.53
600888,新疆众和,10.85,-4.07,23.9,1.32,168.51
601020,华钰矿业,24.94,-3.52,23.9,4.76,204.5
300401,花园生物,11.37,-3.32,23.9,1.92,60.82
300750,宁德时代,408.2,-4.27,23.91,5.78,17377.12
003816,中国广核,4.51,-2.17,24.02,1.81,1774.02
002074,国轩高科,30.66,-3.68,24.15,1.92,532.33
605016,百龙创园,23.46,-2.57,24.17,4.9,98.53
603166,福达股份,12.23,-0.89,24.18,3.03,78.36
301589,诺瓦星云,152.19,0.54,24.22,3.75,52.45
601158,重庆水务,4.24,-1.17,24.38,1.16,203.52
003039,顺控发展,12.5,-2.57,24.39,2.6,77.19
300529,健帆生物,17.25,-2.71,24.4,4.33,88.4
000916,华北高速,8.82,0.0,24.44,2.0,96.14
600906,财达证券,6.66,-2.35,24.49,1.73,141.47
301345,涛涛车业,203.78,0.6,24.52,6.15,71.38
600150,中国船舶,36.89,1.54,24.55,1.86,2776.2
300866,安克创新,115.45,-1.04,24.56,6.04,355.1
000024,招商地产,40.5,0.0,24.59,3.17,415.7
002683,广东宏大,31.33,0.48,24.62,3.56,208.83
603217,元利科技,24.53,-1.33,24.63,1.47,51.04
688029,南微医学,72.98,-3.82,24.66,3.23,137.09
603355,莱克电气,25.33,-1.94,24.67,2.57,145.24
603239,浙江仙通,18.63,-1.11,24.69,3.89,50.44
002064,华峰化学,10.06,-3.08,24.69,1.79,498.17
603786,科博达,48.05,-0.89,24.7,3.52,194.05
601890,亚星锚链,9.0,1.12,24.72,2.22,86.35
601059,信达证券,16.35,-2.74,24.76,2.39,530.23
688100,威胜信息,34.0,-2.44,24.76,4.72,167.17
601069,西部黄金,26.48,-3.46,24.85,4.59,234.93
600160,巨化股份,38.24,-1.42,24.86,4.78,1032.38
001391,国货航,5.05,-2.13,24.88,2.26,76.73
002029,七 匹 狼,8.23,-3.52,24.91,0.85,54.76
603606,东方电缆,41.15,-2.42,24.92,4.18,339.41
300759,康龙化成,22.98,-2.17,24.93,2.57,326.32
002349,精华制药,6.69,-1.18,24.94,2.02,54.47
000989,九芝堂,7.9,-2.11,24.95,1.87,54.84
000858,五 粮 液,81.1,-1.52,24.98,2.46,3147.91
002430,杭氧股份,25.22,1.61,24.98,2.45,246.64
002920,德赛西威,97.93,-0.48,25.05,3.86,584.27
002698,博实股份,12.11,-1.94,25.16,2.93,101.75
600236,桂冠电力,11.48,-2.88,25.17,4.73,904.9
600633,浙数文化,11.7,-4.18,25.19,1.43,148.36
600167,联美控股,6.7,-1.76,25.24,1.27,151.61
601619,嘉泽新能,5.25,-3.14,25.24,1.92,127.82
000597,东北制药,4.43,-1.56,25.25,1.14,62.43
600559,老白干酒,12.28,-3.08,25.37,2.05,111.69
002595,豪迈科技,52.24,0.06,25.37,5.16,601.79
000683,博源化工,7.0,-3.58,25.43,2.0,233.95
002511,中顺洁柔,7.02,-2.64,25.47,1.64,88.8
601880,辽港股份,1.58,-1.25,25.48,0.91,290.93
000830,鲁西化工,12.48,-4.29,25.51,1.23,237.64
002085,万丰奥威,11.48,-1.03,25.52,3.19,243.75
600558,大西洋,5.62,-0.53,25.61,2.03,50.45
600547,山东黄金,28.71,-2.31,25.66,4.14,1037.71
300442,润泽科技,81.78,0.5,25.69,9.36,1334.28
002901,大博医疗,39.92,-0.55,25.7,4.44,115.13
002252,上海莱士,5.14,-1.91,25.72,1.05,340.98
600816,建元信托,2.9,-3.33,25.75,1.87,158.6
600664,哈药股份,3.17,-3.35,25.77,1.36,79.84
300259,新天科技,5.35,-3.95,25.77,2.08,62.57
000625,长安汽车,8.0,-1.96,25.81,1.03,661.37
300896,爱美客,97.7,-3.24,25.81,3.87,199.75
000338,潍柴动力,33.74,4.56,25.85,3.06,1671.22
002850,科达利,171.36,-0.17,25.92,3.67,344.93
000408,藏格矿业,77.65,-2.82,26.04,6.9,1218.25
002130,沃尔核材,20.96,-3.14,26.09,3.21,240.4
002270,华明装备,20.43,-0.87,26.1,6.24,183.1
300841,康华生物,45.51,-1.64,26.1,1.69,54.12
002557,洽洽食品,21.16,-2.49,26.14,1.96,106.81
603699,纽威股份,56.78,1.72,26.15,8.8,430.47
600161,天坛生物,12.88,-1.9,26.19,2.15,254.69
000737,北方铜业,14.23,-4.5,26.2,3.65,271.02
601990,南京证券,6.53,-1.21,26.26,1.22,240.72
002538,ST司特,6.07,-0.33,26.42,0.98,51.78
001338,永顺泰,10.49,-2.51,26.46,1.41,52.63
300019,硅宝科技,17.07,1.13,26.46,2.54,62.92
000672,上峰水泥,16.12,-1.59,26.5,1.81,156.27
600723,首商股份,8.93,0.0,26.51,1.44,58.77
002891,中宠股份,28.63,-3.37,26.55,2.77,92.16
600862,中航高科,17.68,-0.73,26.66,3.11,246.29
000920,沃顿科技,12.42,0.73,26.66,2.92,58.7
300957,贝泰妮,34.19,-4.28,26.66,2.37,144.83
603380,易德龙,35.15,-1.57,26.73,3.5,56.4
001696,宗申动力,14.26,-2.06,26.73,2.94,127.11
600009,上海机场,23.39,-1.68,26.75,1.35,478.62
600956,新天绿能,9.41,-3.49,26.75,1.72,220.96
001316,润贝航科,35.05,-2.67,26.84,4.3,52.65
300893,松原安全,20.89,-4.83,26.84,4.67,52.41
002960,青鸟智控,8.04,-1.59,26.86,1.38,77.84
300003,乐普医疗,12.16,-1.86,27.0,1.36,192.0
605020,永和股份,34.09,-2.26,27.02,3.05,171.45
300357,我武生物,22.0,-2.05,27.05,4.21,106.46
600054,黄山旅游,10.79,-2.09,27.12,1.64,55.39
601696,中银证券,11.0,-2.05,27.13,1.58,305.58
603711,香飘飘,13.63,-3.06,27.13,1.57,56.27
688087,英科再生,37.02,-4.04,27.16,2.49,68.95
603288,海天味业,33.8,-1.74,27.17,4.71,1879.48
688612,威迈斯,38.15,3.42,27.17,4.26,96.35
300457,赢合科技,24.68,-1.59,27.22,2.31,156.68
601028,玉龙股份,12.83,0.0,27.25,2.91,100.46
300674,宇信科技,16.24,-2.7,27.27,2.59,114.17
603848,好太太,14.28,-1.52,27.31,2.21,57.46
600875,东方电气,33.83,1.26,27.44,2.5,765.7
600918,中泰证券,5.33,-1.84,27.52,0.94,243.2
600395,盘江股份,6.15,3.36,27.54,1.23,132.02
000156,华数传媒,6.68,-2.2,27.6,0.82,113.55
002472,双环传动,41.39,2.86,27.71,3.41,309.82
601579,XD会稽山,15.68,-1.13,27.76,2.01,75.18
600338,西藏珠峰,17.2,-3.43,27.79,3.48,157.24
000758,中色股份,6.83,-3.12,27.87,2.18,135.42
300035,中科电气,16.27,-2.92,27.87,2.21,94.91
600116,三峡水利,6.89,-1.71,27.88,1.16,131.75
000750,国海证券,3.61,-1.63,27.92,1.01,209.24
301498,乖宝宠物,41.66,-2.66,28.16,3.59,74.71
301216,万凯新材,24.42,-4.61,28.23,2.17,133.9
301087,可孚医疗,46.37,1.55,28.25,2.31,89.95
600320,振华重工,4.59,-1.29,28.29,1.51,151.94
600995,南网储能,15.65,-3.99,28.29,2.2,500.17
002568,百润股份,18.3,-4.94,28.34,3.78,139.64
300919,中伟新材,49.35,-2.82,28.34,2.17,450.32
688267,中触媒,31.5,-1.81,28.35,1.94,55.5
300121,阳谷华泰,12.42,1.8,28.39,1.55,53.33
002007,华兰生物,13.38,-1.47,28.48,2.09,210.54
603868,XD飞科电,34.03,-4.78,28.52,4.5,148.23
000061,农 产 品,6.22,-1.58,28.52,1.43,111.61
603583,捷昌驱动,24.81,-0.24,28.56,2.03,94.84
300274,阳光电源,164.35,-3.78,28.57,7.21,2609.1
600163,中闽能源,7.03,-3.3,28.66,1.82,133.78
002346,柘中股份,18.11,-4.18,28.67,2.76,71.01
603708,家家悦,9.46,-2.87,28.68,2.51,60.39
601865,福莱特,11.22,-0.97,28.8,1.19,213.3
688117,圣诺生物,32.47,-2.43,28.84,4.54,51.1
002967,广电计量,19.76,-5.0,28.84,2.62,108.13
301339,通行宝,11.25,-2.51,28.87,2.32,64.1
601888,中国中免,55.59,-2.56,28.9,1.99,1085.38
601968,宝钢包装,4.44,-1.77,28.94,1.25,56.64
603897,长城科技,42.85,-4.4,28.99,3.87,88.46
601500,通用股份,4.11,-1.91,29.0,1.06,65.06
603296,华勤技术,114.45,-2.68,29.01,4.63,652.92
601611,中国核建,11.27,-2.42,29.02,1.51,339.66
600835,上海机电,21.85,0.74,29.12,1.58,176.22
002237,恒邦股份,13.48,-2.11,29.17,1.45,160.73
688472,阿特斯,11.92,-1.0,29.19,1.84,160.64
603866,桃李面包,4.6,0.66,29.24,1.49,73.59
000049,德赛电池,24.61,-2.57,29.26,1.41,94.63
601228,广州港,3.06,-2.24,29.28,1.07,230.86
002842,翔鹭钨业,34.55,1.65,29.29,7.74,92.75
601609,金田股份,13.09,-3.61,29.31,2.24,226.28
688076,ST诺泰,28.7,-1.58,29.33,2.91,90.71
002013,中航机电,10.78,0.0,29.33,2.87,416.35
601236,红塔证券,6.93,-0.86,29.35,1.32,326.87
300409,道氏技术,21.42,-1.52,29.36,2.11,147.26
002925,盈趣科技,22.6,0.62,29.38,3.49,165.22
600056,中国医药,9.49,-1.86,29.4,1.18,141.91
600699,均胜电子,26.53,-1.49,29.44,2.39,359.5
000960,锡业股份,41.84,-4.37,29.49,3.39,688.45
600885,宏发股份,34.9,0.63,29.5,4.3,540.11
300413,芒果超媒,16.52,-2.77,29.5,1.31,168.78
603236,移远通信,56.27,-2.55,29.58,3.29,206.13
603281,江瀚新材,33.76,-1.17,29.65,2.57,126.04
002152,广电运通,10.12,-1.56,29.69,2.06,251.19
002283,天润工业,10.85,1.97,29.81,2.06,108.81
002956,西麦食品,20.84,-1.33,29.81,4.08,65.13
688219,会通股份,10.87,-1.18,29.83,1.96,59.74
603867,新化股份,37.13,-0.03,29.89,2.57,80.08
605056,咸亨国际,19.29,-2.72,29.91,4.62,77.81
600131,国网信通,16.4,-3.93,29.96,3.03,196.13
688050,爱博医疗,41.18,-3.67,30.07,2.78,79.66
002637,赞宇科技,12.86,0.86,30.12,1.6,59.8
002797,第一创业,6.6,-2.8,30.13,1.57,277.36
688513,苑东生物,46.86,-1.78,30.16,2.85,82.72
300861,美畅股份,18.48,-1.55,30.16,1.88,77.96
600846,同济科技,11.72,-4.64,30.22,1.69,73.22
688621,阳光诺和,52.67,-2.46,30.26,4.7,58.99
301101,明月镜片,30.33,-3.32,30.27,3.56,57.9
600459,贵研铂业,24.24,0.17,30.28,2.19,184.15
603225,新凤鸣,19.51,-0.1,30.3,1.56,325.53
301267,华厦眼科,16.7,-1.94,30.32,2.58,108.29
688697,纽威数控,20.57,-0.87,30.39,4.91,94.07
002438,江苏神通,16.85,0.42,30.39,2.25,79.01
600278,东方创业,6.45,-1.98,30.41,0.74,55.5
603027,千禾味业,7.65,-1.92,30.43,2.9,95.6
000591,太阳能,5.59,0.54,30.44,0.91,218.2
603383,顶点软件,30.15,-3.21,30.46,4.34,61.92
002632,道明光学,10.31,0.19,30.49,3.04,59.22
002250,联化科技,14.06,-0.21,30.55,1.85,125.83
600029,南方航空,5.21,0.19,30.6,2.55,702.15
300304,云意电气,15.4,4.34,30.75,4.02,131.6
600763,通策医疗,34.74,-1.42,30.77,3.51,155.39
002594,比亚迪,93.44,-1.46,30.92,3.67,3257.89
000833,粤桂股份,22.32,-2.28,30.93,4.46,101.27
300196,长海股份,24.62,-1.4,30.93,2.15,60.79
003006,百亚股份,15.96,-2.15,31.02,4.88,68.4
600169,ST太重,2.25,0.0,31.06,1.44,75.0
600101,明星电力,10.49,-2.33,31.19,1.82,57.47
000927,中国铁物,2.58,-2.64,31.19,1.58,156.1
300226,上海钢联,20.96,-1.96,31.23,2.98,64.22
603589,口子窖,20.47,-3.12,31.27,1.14,122.44
000522,白云山A,23.27,0.0,31.28,6.55,109.15
603087,甘李药业,53.71,-0.81,31.32,2.86,299.63
003010,若羽臣,24.22,-3.43,31.48,9.52,54.77
300487,蓝晓科技,54.77,-2.25,31.48,6.26,168.7
605167,利柏特,14.81,-2.05,31.54,3.31,68.18
600133,东湖高新,8.21,-4.53,31.58,0.96,87.54
600085,同仁堂,24.85,-1.51,31.6,2.42,340.81
002475,立讯精密,74.59,-0.28,31.6,6.16,5427.13
688366,昊海生科,32.21,-3.45,31.62,1.36,62.5
301330,熵基科技,26.69,-1.15,31.74,1.81,51.86
600737,中粮糖业,14.7,1.52,31.75,2.7,314.41
600623,华谊集团,8.47,-3.86,31.81,0.8,158.9
300693,盛弘股份,49.69,-1.76,31.82,7.42,133.59
603366,日出东方,7.13,-4.68,31.9,1.35,57.97
002626,金达威,14.84,0.47,31.9,2.06,90.5
600603,广汇物流,4.77,-1.65,31.94,0.77,56.09
600685,中船防务,27.64,0.07,32.03,2.14,227.04
000959,首钢股份,3.47,-1.98,32.03,0.54,258.57
300797,钢研纳克,13.67,-1.94,32.05,3.88,51.74
002202,金风科技,23.63,0.08,32.06,2.51,794.8
301301,川宁生物,8.51,-1.96,32.08,2.43,52.57
300680,隆盛科技,34.01,0.98,32.09,3.76,59.22
000878,云南铜业,17.9,-4.99,32.13,2.43,358.65
601008,连云港,4.64,0.87,32.22,1.39,57.57
002164,宁波东力,12.23,0.16,32.25,4.09,58.68
002489,浙江永强,3.7,-2.89,32.29,1.8,70.78
600382,广东明珠,8.8,2.21,32.34,2.04,61.11
002075,沙钢股份,3.69,-1.6,32.36,1.22,80.95
600059,古越龙山,8.0,-1.84,32.37,1.23,72.92
603877,太平鸟,12.85,-2.8,32.37,1.33,60.31
600299,安迪苏,10.49,-3.5,32.46,1.65,281.33
300772,运达股份,13.58,-3.0,32.48,1.59,94.77
688617,惠泰医疗,199.02,-1.22,32.49,9.79,281.67
603693,江苏新能,16.59,-4.98,32.63,2.06,147.9
300008,天海防务,6.47,0.31,32.64,4.46,106.58
605005,合兴股份,16.25,-0.06,32.68,3.06,65.16
000958,电投产融,6.21,0.16,32.73,2.38,334.31
301291,明阳电气,52.5,0.73,32.96,3.26,85.77
002487,大金重工,67.58,-3.33,32.98,4.98,426.38
002158,汉钟精机,29.28,0.0,33.13,3.51,156.23
603809,豪能股份,9.99,-0.99,33.23,2.53,91.94
002803,吉宏股份,21.41,-1.83,33.25,3.48,61.81
000983,山西焦煤,7.78,3.05,33.27,1.19,441.68
600570,恒生电子,23.56,-3.01,33.33,4.47,446.14
300488,恒锋工具,31.84,0.06,33.33,2.78,51.66
300113,顺网科技,21.04,-0.99,33.4,5.63,107.1
603511,爱慕股份,13.26,-2.14,33.43,1.2,53.29
600263,路桥建设,16.43,0.0,33.44,3.12,67.06
600366,宁波韵升,12.48,-1.5,33.44,2.16,137.16
000060,中金岭南,7.8,-4.53,33.56,1.73,346.41
603057,紫燕食品,24.89,-1.81,33.71,4.81,102.55
603328,依顿电子,13.07,3.81,33.71,3.02,130.5
002756,永兴材料,60.0,-1.72,33.73,2.49,232.25
001308,康冠科技,21.38,-1.43,33.74,1.97,104.17
601096,宏盛华源,4.85,-1.42,33.78,2.72,79.68
600449,XD宁夏建,13.17,-3.16,33.86,0.86,62.98
603501,XD豪威集,98.86,-1.93,33.86,3.81,1196.79
300130,新国都,25.03,2.25,33.88,3.14,108.67
300145,南方泵业,4.42,-0.23,33.89,2.85,84.46
002328,新朋股份,9.02,-3.22,33.93,2.09,51.49
301215,中汽股份,5.6,-3.28,33.93,2.57,74.05
000756,新华制药,12.76,-2.97,33.97,1.66,63.66
603507,振江股份,37.12,-2.32,33.99,2.63,67.47
002416,爱施德,10.34,-1.62,34.06,2.39,126.55
603197,保隆科技,30.1,-1.28,34.09,2.0,63.56
300473,德尔股份,34.57,-3.14,34.1,3.12,52.03
688315,诺禾致源,13.32,-3.41,34.11,2.07,55.44
603160,汇顶科技,55.6,-0.71,34.13,2.82,259.03
600063,皖维高新,7.47,4.77,34.16,1.84,154.56
603737,三棵树,29.96,0.88,34.16,8.99,265.26
300627,华测导航,29.0,-0.79,34.16,5.68,187.95
600985,淮北矿业,16.58,4.74,34.21,1.06,446.54
603283,赛腾股份,49.3,0.88,34.23,5.09,173.8
002019,亿帆医药,10.03,-0.79,34.3,1.39,84.5
002422,科伦药业,33.88,0.98,34.3,2.27,439.97
600649,城投控股,3.74,-0.8,34.31,0.44,93.67
600784,鲁银投资,7.42,0.27,34.38,1.51,50.13
000501,武商集团,7.21,-2.96,34.39,0.51,55.39
605277,新亚电子,23.13,-4.42,34.41,4.29,73.58
000603,盛达资源,30.12,-3.65,34.43,5.81,200.81
000403,派林生物,12.84,-0.93,34.56,1.5,120.78
600223,福瑞达,5.76,-2.54,34.66,1.37,58.55
605128,上海沿浦,22.21,0.5,34.67,3.27,69.74
601136,首创证券,13.98,-2.31,34.68,2.7,382.12
603416,信捷电气,57.96,2.82,34.69,3.31,80.71
300041,回天新材,13.84,1.32,34.74,2.56,75.3
301029,怡合达,28.62,-1.31,34.95,4.34,132.19
301606,绿联科技,66.82,-2.45,35.01,8.22,110.25
002276,万马股份,11.4,-1.89,35.09,1.88,114.81
688778,厦钨新能,59.31,-0.9,35.13,3.18,299.33
002709,天赐材料,49.4,-3.7,35.13,5.45,745.45
688475,萤石网络,27.28,-1.05,35.15,3.8,214.83
605228,神通科技,12.54,-0.48,35.24,2.68,59.83
688503,聚和材料,90.38,3.42,35.3,4.12,181.59
300416,苏试试验,18.07,-1.69,35.33,3.36,91.25
601375,中原证券,3.97,-3.17,35.34,1.27,136.87
601268,*ST二重,2.35,0.0,35.35,1.14,169.52
000537,绿发电力,10.93,-1.18,35.36,1.13,224.69
002761,浙江建投,7.49,-1.71,35.45,1.14,81.03
600288,大恒科技,13.32,-3.34,35.58,2.92,58.18
600917,重庆燃气,5.14,-1.53,35.61,1.39,80.24
601101,昊华能源,13.74,-1.93,35.61,1.61,197.86
002402,和而泰,25.63,-0.97,35.64,3.53,209.78
003033,征和工业,67.3,3.97,35.68,3.96,54.34
002493,荣盛石化,11.0,-3.85,35.73,2.42,1027.19
688049,炬芯科技,43.24,-1.3,35.76,3.62,75.74
002970,锐明技术,63.73,1.35,35.78,5.74,79.77
603888,新华网,17.5,-2.23,35.79,3.1,118.08
600378,昊华科技,43.56,4.59,35.84,3.02,467.21
300073,当升科技,52.6,-2.23,35.85,1.93,266.14
600760,中航沈飞,41.25,-2.74,35.96,5.08,1167.19
600755,厦门国贸,5.76,-1.71,36.02,0.64,122.81
600143,金发科技,16.32,-0.91,36.1,2.17,430.0
600363,联创光电,35.91,-2.68,36.24,3.57,161.91
300483,首华燃气,18.99,-3.51,36.24,1.99,73.08
002063,远光软件,5.71,-3.38,36.27,2.74,101.0
600864,哈投股份,5.38,-2.18,36.28,0.87,111.93
603050,科林电气,20.51,-2.8,36.34,4.5,82.72
000977,浪潮信息,63.36,-1.34,36.41,4.18,929.38
002399,海普瑞,9.45,-2.28,36.44,1.14,117.86
300827,上能电气,30.96,-2.79,36.45,4.07,119.27
301607,富特科技,42.44,0.14,36.49,5.5,64.42
002246,北化股份,20.36,1.04,36.55,3.57,111.78
605058,澳弘电子,38.1,-0.18,36.56,3.0,54.45
603156,养元饮品,41.38,0.51,36.58,6.03,521.5
688161,威高骨科,23.89,-3.04,36.6,2.28,95.56
002560,通达股份,8.69,-2.03,36.65,2.37,55.04
002460,赣锋锂业,66.79,-2.91,36.79,3.01,808.97
002192,融捷股份,76.1,-3.74,36.81,5.1,197.19
002166,莱茵生物,7.7,-1.91,36.88,1.83,56.87
601566,XD九牧王,11.08,-4.97,36.99,1.68,63.67
002150,正泰电源,28.6,-2.12,37.11,4.85,102.54
000938,紫光股份,27.72,-1.77,37.31,5.11,792.81
301275,汉朔科技,42.72,-2.49,37.38,4.39,128.53
601116,三江购物,12.07,-4.21,37.39,1.97,66.1
000099,中信海直,15.0,-2.91,37.47,2.11,116.37
300525,博思软件,8.64,-2.48,37.49,2.62,53.86
000800,一汽解放,6.06,-0.98,37.52,1.13,298.2
603977,国泰集团,15.07,-2.21,37.59,2.71,93.62
000922,佳电股份,12.62,-2.77,37.67,2.28,88.96
600765,中航重机,13.82,-1.07,37.71,1.5,214.55
002534,西子洁能,20.03,2.19,37.79,3.0,165.32
002410,广联达,9.37,-3.6,37.8,2.72,147.12
600736,苏州高新,7.09,-1.25,37.81,1.1,81.63
002062,宏润建设,8.0,-2.32,37.81,2.04,89.98
300031,宝通科技,23.77,1.24,37.85,2.43,83.65
603901,永创智能,11.03,-1.61,37.9,2.16,59.59
688188,柏楚电子,153.91,0.17,37.99,6.95,445.85
002987,京北方,11.16,-2.45,37.99,4.12,112.96
300999,金龙鱼,25.62,-3.65,38.02,1.44,139.03
001289,龙源电力,19.31,2.55,38.03,2.1,973.6
688665,四方光电,50.19,-0.2,38.04,4.28,50.79
000949,新乡化纤,6.58,-0.75,38.07,1.61,108.99
600276,恒瑞医药,46.63,-1.21,38.12,4.96,2974.53
002125,湘潭电化,16.2,-2.7,38.13,3.0,101.98
603619,中曼石油,25.7,-4.28,38.15,2.76,118.82
601858,中国科传,23.5,-1.34,38.17,3.26,185.77
002810,山东赫达,21.77,-4.31,38.18,3.42,70.5
688213,思特威-W,99.68,2.76,38.32,7.85,322.47
601138,工业富联,78.55,-3.08,38.35,8.85,15587.53
600436,片仔癀,121.33,-2.38,38.48,4.81,732.0
300976,达瑞电子,61.3,-3.1,38.63,3.21,73.78
688667,菱电电控,109.69,-2.11,38.64,3.17,57.8
300547,川环科技,35.17,0.77,38.71,5.51,62.68
601155,新城控股,11.83,-4.06,38.82,0.43,266.84
688696,极米科技,72.7,-2.35,38.84,1.75,50.9
002821,凯莱英,119.62,2.56,38.88,2.4,379.2
688002,睿创微纳,121.98,0.06,38.98,7.98,568.11
300498,温氏股份,12.82,-2.21,39.07,2.16,762.7
600456,宝钛股份,30.97,-3.19,39.08,2.08,147.97
688186,广大特材,19.1,-4.45,39.13,1.13,53.57
002443,金洲管道,11.39,0.26,39.16,1.7,59.12
002947,恒铭达,88.02,0.57,39.21,7.25,174.55
300224,正海磁材,12.09,-1.39,39.49,2.25,112.11
601121,宝地矿业,6.32,-3.51,39.56,1.42,50.56
002049,紫光国微,77.27,0.23,39.74,4.71,656.42
601678,滨化股份,5.33,-4.99,39.76,0.94,108.91
601969,海南矿业,9.41,-3.19,39.77,2.74,185.61
600776,东方通信,14.49,-4.1,39.79,4.77,138.52
300341,麦克奥迪,13.79,-2.2,39.84,3.61,71.07
603686,福龙马,15.06,-0.86,39.86,1.79,62.56
002669,康达新材,16.55,3.18,39.87,1.83,50.1
300725,药石科技,33.58,-2.67,39.89,1.43,68.07
600475,华光环能,15.64,2.42,39.91,1.73,147.47
600390,五矿资本,4.69,-1.68,39.97,0.5,210.96
002458,益生股份,7.88,-4.48,40.01,2.54,76.15
002827,高争民爆,27.43,-0.72,40.03,7.04,75.71
600930,华电新能,6.15,-1.6,40.07,2.32,198.63
603997,继峰股份,15.15,-0.79,40.09,3.66,192.75
003019,宸展光电,39.09,-4.17,40.17,4.23,66.86
600176,中国巨石,38.39,1.27,40.21,4.87,1536.8
002396,星网锐捷,21.38,-4.34,40.25,2.37,161.94
000063,中兴通讯,37.74,3.57,40.34,2.35,1520.02
600884,杉杉股份,13.58,-2.23,40.42,1.36,249.21
300580,贝斯特,22.73,-0.7,40.54,3.4,107.42
000417,合百集团,7.78,-0.13,40.66,1.27,60.61
600392,盛和资源,23.17,1.36,40.69,3.16,406.13
002312,川发龙蟒,8.66,-2.37,40.73,1.69,163.14
300286,安科瑞,33.05,1.32,40.78,3.74,68.67
000795,英洛华,9.03,-0.22,40.87,3.97,102.37
688252,天德钰,20.91,0.14,40.92,3.48,85.53
603638,艾迪精密,21.88,-0.23,41.04,4.99,181.84
000090,天健集团,3.52,-1.95,41.16,0.58,65.77
300171,东富龙,11.17,-1.59,41.17,1.08,62.85
301155,海力风电,56.2,-1.4,41.22,2.11,69.27
002057,中钢天源,9.82,-1.21,41.26,2.27,73.98
300618,寒锐钴业,37.05,-3.74,41.51,2.09,100.96
000777,中核科技,17.11,-1.67,41.68,2.67,65.6
300373,扬杰科技,105.5,-0.3,41.83,5.95,571.96
603858,步长制药,14.84,-2.18,41.85,1.53,156.5
603730,岱美股份,12.43,0.49,41.91,5.37,267.07
688772,珠海冠宇,15.21,-3.12,41.94,2.51,172.21
601618,中国中冶,2.74,-1.44,42.08,0.55,489.16
688139,海尔生物,29.36,-3.83,42.25,2.09,92.92
300652,雷迪克,42.19,0.62,42.29,3.64,50.51
300124,汇川技术,74.15,-1.61,42.35,5.73,1787.25
688708,佳驰科技,46.75,-3.21,42.36,5.61,66.51
300699,光威复材,29.2,-1.02,42.59,4.18,239.85
600577,精达股份,12.09,-3.43,42.6,4.26,260.07
603983,丸美生物,22.74,-2.07,42.77,2.66,91.19
688196,卓越新能,41.57,-0.81,42.86,1.65,52.87
603305,旭升集团,14.67,0.55,42.96,1.81,169.54
688543,国科军工,40.79,-4.0,43.01,4.53,56.76
600916,中国黄金,7.81,-1.51,43.07,1.8,131.21
002324,普利特,11.85,-2.47,43.07,2.81,91.99
002273,水晶光电,37.18,0.9,43.15,5.21,506.42
603915,国茂股份,15.97,1.78,43.18,2.75,104.86
002203,海亮股份,19.49,-4.51,43.19,2.62,431.15
002006,精工科技,15.98,0.69,43.29,3.32,83.06
600315,上海家化,17.63,-1.18,43.48,1.68,118.51
688779,五矿新能,8.41,-1.98,43.48,2.29,162.25
301127,武汉天源,13.81,-2.2,43.48,2.75,90.35
688563,航材股份,50.4,-0.63,43.57,2.17,58.96
000541,佛山照明,5.0,-0.6,43.57,1.12,61.52
600562,国睿科技,22.12,-2.47,43.58,4.09,274.7
600839,四川长虹,7.02,-2.77,43.68,2.11,323.97
300986,志特新材,18.87,0.48,43.8,3.49,77.68
300347,泰格医药,39.58,0.53,44.17,1.63,224.21
002106,莱宝高科,12.83,3.22,44.18,1.61,90.44
001213,中铁特货,3.74,-1.32,44.37,0.86,166.22
002759,天际股份,26.73,-2.94,44.48,3.84,133.9
688046,药康生物,17.34,-3.88,44.5,3.12,71.09
002601,龙佰集团,13.95,-2.79,44.62,1.46,277.27
300303,聚飞光电,8.99,1.47,44.63,3.47,119.45
600845,宝信软件,19.31,-4.69,44.65,5.15,412.09
002516,旷达科技,5.92,-0.17,44.67,2.34,86.28
603859,能科科技,41.22,-3.24,44.69,3.19,100.86
600663,陆家嘴,7.06,-1.53,44.75,1.41,222.79
688639,华恒生物,22.08,1.42,44.75,2.09,55.23
600038,XD中直股,26.67,-0.63,44.83,1.26,178.41
002126,银轮股份,50.77,3.93,44.83,5.83,403.22
002643,万润股份,14.32,-0.14,44.85,1.86,129.2
002390,信邦制药,2.95,-1.34,44.91,0.85,56.87
603341,XD龙旗科,38.48,-2.71,45.05,2.89,102.44
002985,北摩高科,29.04,-2.32,45.14,3.55,96.1
002755,奥赛康,13.02,-3.27,45.37,3.66,120.85
300634,彩讯股份,24.38,-0.81,45.37,3.61,105.88
600114,东睦股份,39.61,0.99,45.48,7.41,244.15
002466,天齐锂业,59.46,-2.49,45.59,2.2,877.47
000821,ST京机,9.24,5.0,45.67,1.38,55.87
300677,英科医疗,46.68,0.89,45.75,1.67,217.35
603040,新坐标,89.29,2.41,45.78,7.83,121.21
300558,贝达药业,48.08,0.59,45.85,2.98,201.64
605011,杭州热电,21.8,-1.58,45.87,3.59,87.22
603681,永冠新材,26.6,1.88,45.92,2.11,63.24
603916,苏博特,13.68,1.86,45.97,1.39,57.5
000823,超声电子,17.41,2.53,46.0,2.1,98.29
605123,派克新材,99.37,1.05,46.06,2.6,120.41
601989,中国重工,5.1,0.0,46.1,1.36,1162.9
688209,英集芯,21.64,-0.55,46.14,4.2,93.87
002434,万里扬,7.19,-2.18,46.21,1.59,94.28
600373,中文传媒,7.32,-1.74,46.29,0.55,98.63
000025,特  力Ａ,15.24,0.79,46.29,3.53,59.86
605086,龙高股份,29.66,-2.4,46.36,3.26,53.15
002028,思源电气,192.8,-0.69,46.37,9.36,1177.4
601226,华电科工,7.46,-1.58,46.39,1.99,86.7
688516,奥特维,58.58,0.24,46.43,5.02,184.39
301246,宏源药业,29.59,-2.57,46.5,2.57,50.33
300127,银河磁体,27.67,-0.4,46.55,5.7,63.87
600812,华北制药,4.37,-2.46,46.56,1.35,74.98
002245,蔚蓝锂芯,20.85,4.62,46.56,4.61,334.98
300109,新开源,16.8,-0.36,46.56,2.19,75.14
600372,中航机载,11.04,-0.81,46.6,1.41,534.21
300727,润禾材料,31.9,-0.47,46.64,4.33,51.71
300633,开立医疗,19.5,-2.06,46.65,2.7,50.72
002518,科士达,51.23,-0.1,46.72,6.33,289.52
000034,神州数码,24.9,-2.66,46.74,2.27,211.44
688190,云路股份,108.29,-1.36,46.85,4.83,129.95
000035,中国天楹,5.69,-3.72,46.94,1.26,131.61
300093,*ST金刚,23.1,0.52,46.96,6.41,53.36
603060,国检集团,7.21,2.41,46.97,2.87,57.97
002429,兆驰股份,12.23,0.91,46.98,3.35,553.33
301047,义翘神州,60.77,-3.43,47.01,1.42,72.67
603179,新泉股份,53.11,0.61,47.1,5.12,379.31
605589,圣泉集团,54.4,-0.46,47.12,4.22,460.18
000155,川能动力,13.6,-2.86,47.15,2.34,251.08
002048,宁波华翔,25.3,2.51,47.32,1.75,179.58
603505,金石资源,18.07,-0.93,47.5,8.02,152.09
002664,信质集团,18.18,0.22,47.63,2.1,73.19
002239,奥特佳,2.58,-1.9,47.81,1.45,69.21
301571,国科天成,57.55,-2.7,47.84,5.0,68.58
300708,聚灿光电,8.83,-0.9,47.88,2.89,62.69
002498,汉缆股份,8.23,2.49,47.96,3.11,273.8
603125,常青科技,24.25,-0.12,48.11,3.91,98.17
600256,广汇能源,6.7,-0.15,48.2,1.75,428.26
002065,东华软件,7.28,-2.28,48.21,1.88,211.7
300775,三角防务,23.85,-0.71,48.23,2.22,126.8
600155,华创云信,5.51,-1.25,48.27,0.61,121.97
600186,莲花控股,9.47,-0.84,48.29,8.99,168.59
002050,三花智控,47.01,4.28,48.4,6.06,1731.94
688271,联影医疗,111.58,-2.4,48.45,4.19,919.6
300307,慈星股份,6.78,-0.59,48.46,1.65,53.35
300790,宇瞳光学,23.61,1.99,48.59,4.61,108.46
688099,晶晨股份,99.07,-1.91,48.63,5.6,417.25
002611,东方精工,17.6,-2.28,48.68,3.79,176.33
600301,华锡有色,64.07,-2.51,48.88,8.13,176.41
300953,震裕科技,145.56,0.73,48.9,7.54,253.31
002386,天原股份,5.75,-2.87,48.92,0.98,74.83
300450,先导智能,46.88,-1.72,48.93,4.39,731.05
002782,可立克,25.2,-0.79,49.0,5.84,122.6
601699,潞安环能,19.3,1.58,49.05,1.25,577.34
000810,创维数字,10.99,-2.66,49.11,1.92,122.06
600966,博汇纸业,5.79,-1.7,49.15,1.03,77.4
688097,博众精工,71.84,-1.14,49.16,6.68,319.69
300684,中石科技,56.12,2.22,49.2,8.36,114.65
605580,恒盛能源,28.51,0.81,49.21,8.07,79.83
600522,中天科技,46.06,2.4,49.22,4.14,1572.0
600305,恒顺醋业,6.87,-2.41,49.43,2.21,75.78
000880,潍柴重机,28.18,0.79,49.57,6.06,63.98
300192,科德教育,16.6,1.16,49.58,5.47,53.89
000559,万向钱潮,14.85,1.02,49.77,6.07,492.18
300390,天华新能,78.73,-3.26,49.95,5.3,529.28
300207,欣旺达,21.23,-2.53,49.97,1.6,363.85
000578,盐湖集团,24.44,0.0,50.0,8.36,62.09
300809,华辰装备,37.75,2.95,50.02,5.23,56.84
000676,智度股份,5.69,-1.56,50.03,1.67,71.64
002738,中矿资源,57.8,-4.37,50.21,3.36,411.09
002993,奥海科技,62.73,2.82,50.29,3.7,149.58
600724,宁波富达,6.49,-4.28,50.58,3.32,93.78
603127,昭衍新药,33.42,-0.86,50.58,2.93,210.66
002053,云南能投,12.16,0.0,50.6,1.49,111.96
688615,合合信息,127.4,-3.52,50.62,8.73,172.42
300768,迪普科技,15.46,-3.19,50.62,2.81,65.04
000937,冀中能源,5.81,2.29,50.68,1.06,199.48
002675,东诚药业,12.57,0.24,50.73,2.46,93.44
600777,*ST新潮,5.7,1.24,51.04,1.75,362.87
600195,中牧股份,6.58,-2.66,51.1,1.18,67.19
603499,翔港科技,17.87,0.62,51.16,5.84,54.07
002145,钛能化学,4.4,0.46,51.28,1.38,167.48
603992,松霖科技,29.8,0.88,51.7,3.72,132.03
002108,沧州明珠,4.69,-3.3,51.72,1.53,77.27
688138,清溢光电,31.44,1.22,51.75,3.49,98.97
002600,领益智造,14.99,0.87,51.82,4.52,1079.24
600095,湘财股份,7.96,-2.45,51.84,1.85,227.59
688401,路维光电,72.7,1.39,51.86,8.4,140.57
600851,海欣股份,7.39,-3.65,51.89,1.96,54.55
000021,深科技,39.68,3.6,52.11,4.68,624.62
688018,乐鑫科技,168.6,0.36,52.29,6.23,282.27
688758,赛分科技,17.39,-2.19,52.36,5.22,51.85
600339,中油工程,3.5,-4.37,52.44,0.73,195.41
300221,银禧科技,14.57,1.75,52.6,4.58,66.61
688428,诺诚健华,21.8,-2.55,52.67,5.24,58.5
605118,力鼎光电,35.05,0.66,52.68,8.91,143.31
002171,楚江新材,12.72,-1.24,52.71,2.32,205.27
301153,中科江南,18.03,-2.06,52.76,3.5,59.81
002294,信立泰,32.09,-0.74,52.89,4.19,357.66
000768,中航西飞,21.1,-3.61,52.92,2.6,585.82
300017,网宿科技,15.48,0.85,53.04,3.59,362.45
600905,三峡能源,4.3,0.23,53.27,1.37,1229.27
000681,视觉中国,23.2,1.27,53.46,4.24,156.86
600580,卧龙电驱,38.84,0.08,53.5,5.58,604.98
000811,冰轮环境,31.72,-0.13,53.55,4.82,310.35
688518,联赢激光,26.1,0.66,53.57,2.74,89.09
603303,得邦照明,27.76,2.25,53.66,4.11,132.4
688006,杭可科技,33.87,-3.97,53.71,3.76,204.46
000973,佛塑科技,14.15,-2.75,53.96,3.8,136.89
603063,禾望电气,56.0,3.51,53.97,4.99,257.34
301238,瑞泰新材,23.74,-1.62,54.0,2.4,174.09
605365,立达信,17.18,-0.98,54.02,2.27,86.25
301000,肇民科技,31.0,3.37,54.05,5.72,71.18
301207,华兰疫苗,16.89,-2.76,54.14,1.77,101.45
688698,伟创电气,64.38,-0.25,54.16,5.76,137.79
300569,天能重工,5.17,-2.27,54.19,1.01,52.72
301363,美好医疗,27.48,1.44,54.3,4.13,102.56
002597,金禾实业,19.23,-3.8,54.36,1.4,109.08
600635,大众公用,5.01,-4.02,54.41,1.66,121.18
688486,龙迅股份,73.86,1.58,54.42,6.13,98.77
688198,佰仁医疗,80.0,-0.82,54.43,8.76,110.2
688798,艾为电子,70.99,-2.89,54.44,3.99,96.36
301179,泽宇智能,21.94,-3.65,54.5,3.5,52.1
605133,嵘泰股份,36.1,1.09,54.51,2.67,101.84
002080,中材科技,63.8,0.28,54.54,5.43,1070.64
688636,智明达,35.1,0.4,54.64,4.37,58.84
688239,航宇科技,57.2,0.14,54.65,5.27,109.04
688608,恒玄科技,159.67,-1.67,54.69,3.77,269.35
600637,东方明珠,9.1,-2.36,54.8,1.02,305.93
688692,达梦数据,275.9,-2.92,54.82,8.28,201.78
300217,东方电热,5.19,-0.76,54.98,1.81,64.43
601100,恒立液压,114.2,1.38,55.31,8.56,1531.22
603927,中科软,14.93,-0.93,55.31,3.91,124.07
603019,中科曙光,84.4,-2.22,55.68,5.61,1234.52
002409,雅克科技,117.78,3.5,55.68,7.05,375.16
603130,云中马,44.02,2.87,55.74,4.31,60.53
600422,昆药集团,8.67,-2.36,55.77,1.26,65.63
002940,昂利康,35.21,1.56,55.84,4.32,65.24
002757,南兴股份,22.75,-3.23,55.9,3.36,64.17
300990,同飞股份,81.95,3.47,55.95,6.64,63.73
600508,上海能源,14.7,1.17,55.97,0.83,106.24
688628,优利德,84.5,-0.97,55.99,7.05,94.44
603269,海鸥股份,21.61,0.75,56.0,6.46,66.72
002716,湖南白银,9.28,-1.9,56.01,6.45,215.75
688289,圣湘生物,15.19,-3.25,56.08,1.23,88.01
600509,天富能源,9.17,-1.29,56.1,1.62,126.03
688689,银河微电,40.13,1.31,56.16,4.1,51.73
002139,拓邦股份,9.87,-1.2,56.22,1.78,105.72
002414,高德红外,12.77,0.16,56.31,7.36,434.0
300507,苏奥传感,7.35,-0.68,56.42,2.72,56.96
601231,环旭电子,45.76,4.91,56.48,4.73,1093.25
603650,彤程新材,53.65,2.0,56.53,8.23,329.66
688088,虹软科技,37.06,-3.49,56.57,5.36,148.67
603150,万朗磁塑,66.65,2.85,56.63,3.27,56.97
002017,东信和平,16.2,-1.22,56.78,5.03,93.97
300590,移为通信,14.35,1.92,56.84,3.59,51.35
601111,中国国航,6.5,-0.15,57.06,2.58,756.48
688360,XD德马科,21.76,-0.78,57.06,3.93,54.9
688301,奕瑞科技,185.73,2.67,57.28,6.31,392.73
688122,西部超导,63.01,-1.39,57.4,5.71,409.35
300748,金力永磁,30.81,-1.22,57.44,5.75,348.16
601399,国机重装,3.82,-1.04,57.47,1.85,275.56
605198,安德利,54.55,-0.66,57.51,6.39,147.58
600832,东方明珠,23.18,0.0,57.69,7.39,738.59
301323,新莱福,81.18,4.01,57.7,3.81,54.85
603662,柯力传感,62.93,1.22,57.75,6.33,176.73
000539,粤电力Ａ,9.17,-2.45,57.92,2.07,234.33
300623,捷捷微电,32.43,-1.94,58.01,4.4,248.85
600032,浙江新能,10.87,-4.9,58.03,2.03,261.39
300263,隆华科技,11.75,1.56,58.03,2.94,114.62
301162,国能日新,42.64,-4.8,58.09,5.11,51.2
300201,海伦哲,18.62,-3.22,58.1,9.98,186.88
002988,豪美新材,27.18,-3.99,58.14,2.52,67.9
002838,道恩股份,32.32,-2.65,58.63,4.11,135.95
001287,中电港,27.69,3.67,58.76,3.8,210.42
002358,森源电气,6.23,-1.58,58.81,1.73,57.92
605222,起帆电缆,27.99,-2.41,58.92,2.46,115.57
600592,龙溪股份,20.44,0.44,58.97,3.16,81.67
300363,博腾股份,13.98,-1.34,59.13,1.43,69.74
301069,凯盛新材,18.2,-2.67,59.33,3.61,77.67
688281,华秦科技,50.43,-3.19,59.46,4.06,192.44
601068,中铝国际,5.34,-2.55,59.64,5.18,136.68
300378,鼎捷数智,36.02,-4.83,59.72,4.28,97.08
002380,科远智慧,38.41,-1.99,59.76,3.86,54.62
688069,德林海,50.96,-2.19,59.81,4.44,57.58
603026,石大胜华,84.0,-3.23,59.95,3.77,195.47
300219,鸿利智汇,8.63,3.48,60.23,2.34,60.98
600521,华海药业,15.04,-2.02,60.34,2.34,225.19
688380,中微半导,45.4,-0.61,60.39,5.85,181.77
601179,中国西电,15.61,-4.93,60.55,3.43,800.15
600770,综艺股份,6.1,0.49,60.66,2.33,79.3
000969,安泰科技,22.04,-0.36,60.68,3.93,229.51
300129,泰胜风能,10.03,0.4,60.74,1.93,72.09
603163,圣晖集成,100.1,2.99,60.93,8.38,100.1
000062,深圳华强,32.77,-0.21,61.4,5.07,342.41
300496,中科创达,61.21,-3.13,61.45,2.74,226.21
002297,博云新材,20.78,-1.89,61.65,5.27,119.09
603489,八方股份,33.15,-1.49,61.86,2.81,77.78
603012,XD创力集,8.78,-1.79,61.93,1.5,56.76
688116,天奈科技,38.24,-3.68,62.0,3.72,140.16
000967,盈峰环境,11.06,-0.27,62.31,2.11,363.38
301177,迪阿股份,24.31,-2.41,62.39,1.55,97.24
002243,力合科创,9.1,-2.26,62.57,1.52,109.58
000301,东方盛虹,11.62,-2.19,62.71,2.21,767.86
300938,信测标准,52.55,1.51,62.71,6.67,111.05
300777,中简科技,31.73,-3.0,63.3,3.04,134.02
605299,舒华体育,16.43,1.8,63.33,5.6,66.98
300292,吴通控股,5.84,-3.15,63.41,5.33,65.17
300855,图南股份,33.54,-1.81,63.43,6.31,98.26
300139,晓程科技,42.96,-1.17,63.52,9.88,100.38
002304,洋河股份,43.01,-2.29,63.8,1.32,647.91
002169,智光电气,15.97,-0.99,63.99,4.47,121.16
300602,飞荣达,42.26,-0.05,64.01,5.98,167.1
300852,四会富仕,51.49,3.41,64.12,3.71,79.79
300063,天龙集团,9.86,-3.24,64.17,4.23,61.77
300613,富瀚微,59.38,-0.47,64.18,4.77,130.4
601608,中信重工,5.33,-0.93,64.3,2.59,244.09
300735,光弘科技,21.5,-1.38,64.34,3.15,162.84
002317,众生药业,22.2,-0.94,64.4,4.73,169.08
603228,景旺电子,75.3,1.37,65.12,5.81,734.77
002376,新北洋,6.41,-1.23,65.12,1.42,50.46
300740,水羊股份,23.48,-3.97,65.23,4.15,84.83
603297,永新光学,123.74,0.06,65.26,6.52,137.02
688181,八亿时空,39.7,2.06,65.29,2.56,53.39
601016,节能风电,4.97,2.05,65.33,1.83,300.1
601299,中国北车,29.98,0.0,65.36,7.38,3035.8
688363,华熙生物,34.6,-2.18,65.4,2.34,166.66
688676,金盘科技,94.69,-1.35,65.5,8.96,435.37
600895,张江高科,32.81,-0.82,65.55,3.72,508.13
600111,北方稀土,49.66,-0.32,65.56,7.02,1795.24
600094,大名城,4.09,-0.24,65.91,0.93,86.96
688131,皓元医药,76.36,-2.14,66.04,5.2,161.96
600478,科力远,5.67,-3.9,66.42,3.22,94.44
002242,九阳股份,8.65,-2.81,66.66,1.96,65.89
300142,沃森生物,11.92,-2.38,66.71,2.57,187.97
002526,山东矿机,2.98,-2.61,66.76,1.64,52.78
300433,蓝思科技,43.64,-1.69,66.98,4.22,2168.78
603186,华正新材,123.57,4.27,66.99,8.35,193.75
000905,厦门港务,8.93,-2.08,67.12,1.51,66.24
002706,良信股份,13.1,-2.24,67.32,3.58,119.78
688230,芯导科技,64.18,-0.51,67.36,3.35,75.48
600138,中青旅,7.54,-3.46,67.96,0.87,54.58
600129,太极集团,13.79,-3.57,68.11,2.13,76.04
600871,石化油服,2.32,-3.33,68.16,4.58,314.29
603806,福斯特,17.79,1.37,68.22,2.94,464.1
002419,天虹股份,4.69,-2.7,68.3,1.35,54.81
300905,宝丽迪,61.29,0.89,68.75,5.54,85.59
300792,壹网壹创,32.9,-2.05,69.01,2.65,69.92
300763,锦浪科技,105.9,-3.27,69.14,4.7,340.57
688786,悦安新材,40.99,1.91,69.19,7.41,58.94
002067,景兴纸业,4.7,-4.08,69.26,1.04,62.87
002979,雷赛智能,53.16,1.26,69.28,8.97,117.89
002938,鹏鼎控股,111.0,2.49,69.29,7.43,2563.41
300660,江苏雷利,32.43,1.38,69.54,5.4,188.39
605111,新洁能,63.78,-1.36,69.73,6.1,264.9
002335,科华数据,39.91,-1.33,69.84,4.79,263.3
600490,鹏欣资源,7.2,-2.7,69.88,2.5,143.47
002044,美年健康,5.48,3.01,70.18,2.72,212.31
600416,湘电股份,10.62,-3.45,70.24,1.61,156.73
300298,三诺生物,14.84,-1.72,70.33,2.79,66.92
688582,芯动联科,45.94,1.82,70.55,7.63,114.95
300756,金马游乐,34.88,-1.16,70.94,5.26,66.97
600477,杭萧钢构,2.68,-1.11,71.13,1.27,63.22
600345,长江通信,54.24,1.1,71.26,4.69,114.75
600967,内蒙一机,12.02,-2.04,71.31,1.71,204.56
300296,利亚德,6.56,-1.2,71.83,2.28,149.21
603229,奥翔药业,9.35,-1.06,71.86,3.28,77.63
688345,博力威,50.6,-0.24,71.88,4.43,50.84
001314,亿道信息,55.45,-3.43,72.0,3.79,68.97
688439,振华风光,49.19,1.05,72.06,1.96,98.38
688179,阿拉丁,21.33,4.05,72.18,7.52,77.22
002922,伊戈尔,38.8,-0.23,72.26,4.33,146.28
688508,芯朋微,87.1,-1.02,72.56,4.11,115.34
688480,赛恩斯,92.02,-0.71,72.77,7.27,87.72
601222,林洋能源,6.45,3.2,72.8,0.88,131.66
002301,齐心集团,7.53,-4.8,72.9,1.74,54.06
603155,新亚强,19.7,1.13,73.18,2.81,62.21
603327,福蓉科技,10.27,-1.53,73.54,4.29,107.37
300925,法本信息,17.08,-2.34,73.69,3.29,59.7
300816,艾可蓝,88.79,0.06,73.71,7.43,51.82
688372,伟测科技,152.8,2.5,73.78,6.14,256.84
300049,福瑞医科,43.86,1.27,73.91,5.86,102.45
688510,航亚科技,26.02,1.21,73.97,5.74,67.53
301297,富乐德,43.01,-1.01,73.98,5.89,157.11
002041,登海种业,8.49,-2.41,74.12,2.02,74.71
688123,聚辰股份,137.6,0.97,74.13,8.48,218.65
301382,蜂助手,40.19,-1.25,74.2,6.01,94.99
000801,四川九洲,12.58,-3.53,74.28,4.1,127.81
002407,多氟多,32.76,-1.53,74.48,4.57,353.4
002156,通富微电,71.1,1.25,74.6,6.95,1078.91
002777,久远银海,13.51,-2.6,74.83,3.24,54.65
603098,森特股份,12.58,2.28,75.02,2.38,67.78
002937,兴瑞科技,34.76,0.46,75.05,7.38,105.24
688386,泛亚微透,77.35,-1.43,75.06,5.08,70.39
603360,百傲化学,18.38,-1.18,75.25,9.21,129.8
688591,泰凌微,31.14,1.01,75.33,3.05,52.71
002708,光洋股份,14.42,2.41,75.33,4.58,74.5
600230,沧州大化,14.67,-3.36,75.38,1.49,60.73
301055,张小泉,34.45,-0.14,75.44,7.67,53.74
002201,九鼎新材,10.43,-2.61,75.7,5.74,62.79
600191,华资实业,10.75,4.98,75.86,3.04,52.13
301256,华融化学,11.64,1.75,76.06,3.29,55.87
688400,凌云光,55.02,-0.67,76.18,4.62,253.63
002945,华林证券,14.08,-1.33,76.5,5.17,380.16
002300,太阳电缆,8.31,-3.48,76.66,3.15,60.02
000753,漳州发展,5.22,-1.88,76.67,1.88,51.76
688309,恒誉环保,65.57,1.58,76.93,6.4,52.06
300432,富临精工,22.83,-2.64,77.05,8.25,385.99
688419,耐科装备,48.42,-1.02,77.19,5.27,55.47
300722,新余国科,22.91,-2.59,77.38,9.39,63.4
300184,力源信息,18.14,1.74,77.5,4.98,190.84
600959,江苏有线,3.37,-2.03,77.51,0.74,168.52
601133,柏诚股份,28.3,3.06,77.81,4.94,148.4
003035,南网能源,7.0,-2.23,77.82,3.77,265.15
603099,长白山,38.04,-3.4,77.87,6.88,103.6
600100,同方股份,7.72,-1.28,78.02,1.63,258.64
002185,华天科技,19.26,0.52,78.46,3.57,639.94
600292,电投水电,13.98,1.45,78.65,3.56,61.41
600740,山西焦化,4.15,1.97,78.65,0.7,106.33
000738,航发控制,18.81,0.64,78.73,1.96,247.39
300133,华策影视,7.54,-4.31,78.97,1.94,126.4
603031,安孚科技,60.95,-3.65,78.99,8.09,191.62
605168,三人行,47.88,-3.17,79.18,3.91,100.94
002119,康强电子,24.5,1.62,79.25,6.61,91.94
603698,航天工程,33.07,1.69,79.27,5.09,177.25
000036,华联控股,5.11,0.99,79.31,1.39,71.69
002279,久其软件,6.9,-1.15,79.33,4.26,54.89
000524,岭南控股,9.08,-1.63,79.71,2.63,60.83
300258,精锻科技,12.45,-0.48,79.78,1.55,70.95
300257,开山股份,28.73,-2.25,80.3,4.3,274.28
000533,顺钠股份,11.56,-2.2,80.37,8.1,79.17
300400,劲拓股份,28.11,0.11,80.41,9.65,67.97
002913,奥士康,54.05,-0.02,80.5,3.87,163.06
002695,煌上煌,11.94,0.67,80.66,2.42,61.07
603216,梦天家居,23.26,-2.47,81.02,2.86,51.8
001298,好上好,22.11,1.94,81.29,5.75,90.08
600106,重庆路桥,5.21,-1.33,81.32,1.3,69.24
300007,汉威科技,41.43,0.41,81.42,4.59,117.22
603213,镇洋发展,13.88,-2.94,81.56,3.39,61.35
300170,汉得信息,18.36,-3.92,81.57,3.3,179.35
688112,鼎阳科技,71.75,-2.23,81.65,6.97,114.51
000026,飞亚达,21.56,-3.66,81.69,2.57,78.6
300244,迪安诊断,16.93,-1.4,81.75,1.62,84.9
002721,金一文化,2.57,-2.65,81.8,3.18,68.35
603032,XD德新科,24.16,-4.09,81.97,4.86,56.01
600553,太行水泥,14.98,0.0,81.99,6.02,56.53
002703,浙江世宝,17.31,-1.76,82.0,6.73,101.44
000045,深纺织Ａ,11.3,0.09,82.05,1.91,51.64
000935,四川双马,25.86,-4.82,82.08,2.52,197.43
300115,长盈精密,33.23,1.16,82.55,5.32,451.04
600645,中源协和,19.45,-1.12,82.71,2.45,90.98
600882,妙可蓝多,18.16,-4.57,82.96,1.99,92.63
603301,振德医疗,83.07,-2.6,83.02,3.86,219.2
300236,上海新阳,93.9,1.65,83.32,6.31,261.56
600468,百利电气,6.33,-2.31,83.35,3.38,68.85
002870,香山股份,39.32,-0.86,84.0,3.21,51.01
002627,三峡旅游,7.13,-0.42,84.05,1.67,51.13
300540,蜀道装备,26.98,2.59,84.09,5.48,55.78
300638,广和通,22.36,-2.87,84.16,3.22,118.61
002685,华东重机,7.25,0.83,84.47,4.43,73.05
001203,大中矿业,36.98,-1.23,84.76,7.72,482.95
688353,华盛锂电,81.62,-2.17,84.89,3.69,130.18
605555,德昌股份,16.57,1.91,85.06,2.68,80.21
688376,美埃科技,70.3,4.13,85.76,4.86,95.08
001280,中国铀业,71.78,-2.23,86.34,8.72,124.7
601615,明阳智能,14.61,-1.81,86.39,1.25,330.4
688222,成都先导,26.47,-0.53,86.42,6.9,106.06
600584,长电科技,80.08,-0.06,86.73,4.98,1432.96
688686,奥普特,136.62,-3.16,86.89,5.45,167.0
688253,英诺特,57.0,-1.72,86.94,3.73,78.08
600206,有研新材,29.45,0.99,87.27,5.74,249.31
300723,一品红,38.97,-0.81,88.02,9.09,163.36
600789,鲁抗医药,7.33,-3.68,88.1,1.48,65.87
600115,中国东航,3.97,-1.0,88.13,6.22,675.89
300913,兆龙互连,63.62,2.78,88.18,8.23,162.73
603290,斯达半导,121.33,2.86,88.54,4.17,290.55
601778,晶科科技,5.6,-3.28,88.73,1.33,209.31
002042,华孚时尚,3.85,-3.51,88.83,1.11,65.48
002530,金财互联,7.68,1.72,88.88,4.51,53.39
002265,建设工业,20.03,0.25,88.89,5.31,206.92
002320,海峡股份,7.22,-2.7,88.99,4.0,161.42
002015,协鑫能科,24.12,-1.03,89.31,3.24,391.55
002881,美格智能,42.63,-0.58,89.99,4.72,77.56
688305,科德数控,61.12,0.73,90.21,4.29,80.81
000562,宏源证券,30.5,0.0,90.22,7.22,1073.14
002617,露笑科技,8.74,0.92,90.25,2.59,164.1
688103,国力电子,61.95,0.1,90.33,5.24,59.05
300283,温州宏丰,17.54,1.62,90.33,7.44,64.41
000409,云鼎科技,9.46,-1.66,90.69,3.91,55.86
688312,燕麦科技,84.49,1.92,90.88,8.45,123.96
002957,科瑞技术,64.65,-2.21,91.04,8.2,270.68
002815,崇达技术,17.81,4.83,91.15,2.52,138.41
603538,美诺华,42.22,-2.43,91.39,4.44,100.97
002079,苏州固锝,12.31,0.74,91.54,2.75,99.78
600596,新安股份,14.32,-0.56,92.03,1.54,193.26
603757,大元泵业,57.73,2.3,92.08,5.07,107.69
300182,捷成股份,6.02,2.38,93.18,1.88,136.01
300751,迈为股份,226.92,4.09,93.41,8.17,437.61
001208,华菱线缆,16.01,-1.48,94.21,3.48,51.03
688279,峰岹科技,211.53,1.04,94.83,4.68,197.9
603683,晶华新材,31.32,1.62,94.92,5.39,90.27
002271,东方雨虹,12.84,-1.31,95.03,1.5,245.82
605566,福莱蒽特,40.06,-2.29,95.07,2.63,53.42
601727,上海电气,7.96,0.25,95.57,2.25,1004.2
688035,德邦科技,77.4,0.98,95.84,4.7,110.09
300159,*ST新研,4.13,-0.72,95.87,4.86,76.09
688690,XD纳微科,41.65,1.56,96.15,8.4,168.19
001313,粤海饲料,7.4,-0.54,96.42,2.02,51.74
603000,人民网,16.73,-2.45,97.07,4.81,184.98
301328,维峰电子,56.1,0.72,97.21,4.56,64.61
301150,中一科技,58.81,-4.85,98.41,3.74,128.74
002635,安洁科技,17.25,1.35,99.04,1.98,68.23
300951,博硕科技,42.15,2.8,99.26,3.24,63.81
600510,黑牡丹,8.13,-2.98,99.32,0.79,83.9
301529,福赛科技,113.79,1.1,99.43,9.63,72.33
300619,金银河,40.5,0.1,99.48,4.46,59.33
301522,上大股份,27.3,2.98,99.64,5.31,75.54
688318,财富趋势,118.07,-0.99,99.65,7.81,302.4
603931,格林达,59.96,-0.7,99.71,6.0,119.66
603626,科森科技,23.08,3.36,100.22,5.62,128.07
688063,派能科技,59.36,-3.95,100.31,1.58,145.65
688626,翔宇医疗,50.49,-0.9,100.32,3.84,80.78
603070,XD万控智,15.21,-3.0,100.37,2.86,60.99
002008,大族激光,134.65,3.1,100.44,6.78,1288.23
001258,立新能源,10.86,-2.07,100.57,3.32,101.36
603200,上海洗霸,47.51,-2.08,101.68,7.58,83.37
605287,德才股份,43.95,2.54,102.64,3.89,61.53
688678,福立旺,22.2,0.36,103.29,3.88,89.49
688484,南芯科技,43.26,3.0,103.68,4.43,185.01
002670,国盛证券,10.96,-1.97,103.94,1.87,177.92
002886,沃特股份,28.18,-2.76,104.04,4.05,58.92
002510,天汽模,6.18,-3.13,104.85,2.47,62.1
301007,德迈仕,34.05,0.21,105.11,7.93,51.53
600375,汉马科技,4.14,-1.66,105.4,1.95,60.56
300679,电连技术,58.01,-3.32,105.55,5.03,208.51
688396,华润微,72.59,1.52,106.26,4.17,964.15
605179,一鸣食品,14.3,-2.72,106.78,4.98,57.34
601360,三六零,9.88,-3.33,107.14,2.37,691.56
600113,浙江东日,35.78,-0.39,107.22,6.01,147.21
000401,金隅冀东,3.93,-1.75,107.29,0.4,103.41
600783,鲁信创投,24.14,3.65,107.62,4.08,179.69
002093,国脉科技,7.15,-1.79,108.21,1.88,72.04
300741,华宝股份,14.02,-2.23,108.42,1.27,86.35
000748,长城信息,20.31,0.0,108.7,3.92,162.9
300421,力星股份,21.87,0.28,108.73,4.98,50.37
600771,广誉远,14.8,-0.54,109.44,4.26,72.44
003021,兆威机电,98.58,2.04,109.66,5.14,204.44
688539,高华科技,31.12,-1.02,110.24,3.3,57.86
002741,光华科技,28.43,0.74,110.32,6.83,121.21
600746,江苏索普,6.21,-3.12,110.9,1.33,72.52
688325,赛微微电,119.82,0.19,111.05,5.82,99.67
603016,新宏泰,41.64,-4.54,112.3,7.29,61.69
688333,铂力特,97.95,-0.32,114.09,5.37,268.7
600279,重庆港,5.64,3.68,114.54,0.99,66.94
300143,盈康生命,7.58,-3.81,114.68,2.92,63.19
002625,光启技术,38.21,-1.34,115.53,8.42,823.27
688321,微芯生物,25.76,-3.12,115.97,4.69,105.05
688717,艾罗能源,103.15,-1.89,116.54,3.72,102.17
605389,长龄液压,82.9,-0.73,116.67,7.42,146.85
300223,北京君正,150.41,4.19,116.82,5.74,632.58
000948,南天信息,12.85,-1.91,116.85,1.85,50.01
300337,银邦股份,12.3,0.24,117.13,5.72,87.5
002389,航天彩虹,18.9,-2.07,117.14,2.31,186.12
688232,新点软件,19.14,-2.4,117.31,1.15,61.63
002882,金龙羽,21.1,-4.13,117.92,4.3,52.07
688231,隆达股份,44.58,-1.31,118.25,3.92,110.05
301638,南网数字,26.03,-2.47,118.79,7.38,65.14
300738,奥飞数据,20.9,-1.65,118.8,5.36,205.84
688375,国博电子,90.23,-1.23,119.28,8.31,537.78
600825,新华传媒,4.89,-2.2,119.94,2.06,51.1
603211,晋拓股份,27.6,2.79,119.95,5.99,75.02
688729,屹唐股份,24.87,0.2,120.0,8.15,53.47
603308,应流股份,66.6,4.27,120.03,8.9,452.25
300353,东土科技,18.28,-3.79,120.78,5.1,98.72
002935,天奥电子,18.84,-1.21,120.86,4.95,78.2
603678,火炬电子,64.55,0.97,121.45,4.99,306.98
600201,生物股份,11.4,-1.13,121.54,2.32,126.74
002885,京泉华,43.49,3.08,121.71,7.68,103.18
000519,中兵红箭,19.7,-2.57,121.77,2.64,274.33
000962,东方钽业,59.13,3.37,121.78,7.79,297.53
300539,横河精密,23.43,1.21,121.8,5.5,51.05
688108,赛诺医疗,20.08,-1.52,122.02,8.46,83.92
300491,通合科技,31.85,-1.82,122.05,4.69,50.2
688151,华强科技,16.76,-1.82,122.06,1.36,57.74
300088,长信科技,8.42,4.08,122.41,2.46,209.28
000058,深 赛 格,7.0,-3.18,123.27,4.29,68.93
600702,舍得酒业,40.28,-4.8,123.61,1.9,133.98
600108,亚盛集团,3.41,-0.87,124.52,1.53,66.39
600619,海立股份,15.04,1.14,125.15,2.62,118.69
300607,拓斯达,31.13,0.0,125.72,5.11,105.06
600654,中安科,3.18,-1.85,125.79,5.43,73.69
001979,招商蛇口,8.63,-1.6,126.01,0.8,726.09
300036,超图软件,12.38,-1.98,126.08,2.31,54.28
603315,福鞍股份,16.26,0.25,126.13,3.0,52.09
002230,科大讯飞,45.84,-3.52,127.6,4.82,1003.57
688307,中润光学,69.5,-2.87,127.68,9.79,86.38
600764,中国海防,20.71,0.53,127.82,1.79,147.17
300617,安靠智电,60.8,-3.26,127.86,3.33,84.47
600602,云赛智联,18.35,-1.56,127.94,5.1,197.13
002232,启明信息,14.94,-2.03,128.06,4.35,61.04
600460,士兰微,35.32,1.79,128.1,4.82,587.75
600751,海航科技,3.23,0.31,128.43,1.24,83.11
002446,盛路通信,9.78,0.31,128.7,3.52,82.91
300493,润欣科技,14.95,1.42,129.04,6.61,75.74
688091,上海谊众,42.8,-2.84,129.08,6.11,88.47
603158,腾龙股份,15.74,3.83,129.36,3.4,77.25
603311,金海高科,38.53,2.72,129.48,6.74,90.89
002097,山河智能,8.42,-0.47,129.51,1.93,90.32
002338,奥普光电,52.93,-1.6,129.88,8.89,127.03
603118,共进股份,13.25,2.08,130.5,2.06,104.31
000839,国安股份,2.93,-0.34,131.22,7.4,114.85
300739,明阳电路,30.22,-0.36,131.92,4.07,103.7
600068,葛洲坝,9.93,0.0,132.34,0.74,457.25
002292,奥飞娱乐,6.95,-3.47,132.62,3.46,70.74
601099,太平洋,3.25,-1.52,132.67,2.23,221.53
603439,三力制药,15.83,-2.04,132.87,4.34,63.93
002077,大港股份,17.39,1.93,132.95,2.98,100.92
301349,信德新材,58.54,-4.11,133.14,3.05,65.87
688160,步科股份,109.56,2.92,133.27,7.74,99.52
301191,菲菱科思,141.25,-1.15,133.46,5.75,73.89
300222,科大智能,15.07,-0.26,134.87,6.63,95.51
002196,方正电机,13.11,-1.5,136.36,4.56,64.03
688683,莱尔科技,38.1,0.69,136.6,5.08,59.12
603358,华达科技,38.09,-2.58,136.78,5.05,173.38
688249,晶合集成,42.23,2.6,136.88,3.87,511.14
003018,金富科技,50.67,-2.73,137.3,8.13,120.28
300576,容大感光,41.4,0.83,137.43,8.71,95.37
002122,ST汇洲,2.6,-3.35,137.69,2.38,51.68
300083,创世纪,9.71,-1.62,138.0,3.04,144.89
603171,税友股份,48.58,-4.09,138.26,7.66,197.18
688095,福昕软件,71.68,-1.05,138.34,2.49,65.49
688388,嘉元科技,46.57,-3.54,138.62,2.62,212.21
301012,扬电科技,31.79,-0.69,139.94,5.26,62.61
300943,春晖智控,39.18,2.62,140.26,8.02,52.28
688182,灿勤科技,34.95,3.04,140.73,6.19,139.8
600037,歌华有线,6.84,-2.98,140.95,0.75,95.2
688652,京仪装备,133.07,1.11,141.05,9.95,160.68
603009,北特科技,50.45,3.51,141.31,8.7,170.73
300747,锐科激光,47.0,-1.82,141.35,7.72,245.33
300655,晶瑞电材,14.83,1.85,141.39,6.18,158.22
000815,美利云,15.88,-1.49,141.78,7.85,110.41
300034,钢研高纳,17.8,-1.11,142.16,3.68,136.54
600313,农发种业,6.26,1.46,142.73,3.01,67.75
601595,上海电影,19.36,-1.22,143.11,5.13,86.77
000970,中科三环,11.15,-0.36,143.86,2.07,135.55
300420,五洋自控,5.66,-0.53,143.89,2.66,63.18
600929,雪天盐业,5.17,-3.72,144.95,1.12,84.79
300153,科泰电源,26.02,-0.57,144.99,9.1,82.83
300327,中颖电子,27.68,-2.95,145.17,5.22,93.79
600722,金牛化工,10.15,-2.4,145.18,5.47,69.05
002969,嘉美包装,18.65,0.0,145.33,6.29,203.8
600435,北方导航,11.71,-1.76,145.58,6.18,177.1
000875,电投绿能,6.66,-1.91,145.64,1.37,222.6
300821,东岳硅材,16.82,2.37,146.36,3.96,201.8
603687,大胜达,18.5,-2.12,146.65,3.11,101.76
688499,利元亨,50.39,-2.65,147.7,3.63,85.02
688739,成大生物,20.51,-2.24,148.12,0.92,85.41
600571,信雅达,11.19,-1.32,148.36,4.51,51.22
603496,恒为科技,22.63,-0.66,148.94,5.2,72.46
300005,探路者,14.59,-2.34,149.73,5.98,127.89
600515,海南机场,3.05,-1.93,151.09,1.44,279.87
600728,佳都科技,4.68,-1.47,151.72,1.26,99.81
301487,盟固利,23.15,-4.73,151.8,5.51,63.15
688270,ST臻镭,106.7,-2.56,152.16,9.95,228.39
600590,泰豪科技,13.45,-2.04,152.67,3.53,113.46
600925,苏能股份,4.87,1.25,153.09,2.15,78.21
688233,神工股份,89.0,3.37,153.24,7.91,151.57
688596,正帆科技,39.84,4.54,153.62,3.26,117.18
600705,中航产融,3.47,0.0,154.05,0.82,305.51
301071,力量钻石,77.67,-2.91,154.65,3.83,149.8
300316,晶盛机电,49.01,1.24,154.88,3.77,603.59
000990,诚志股份,9.2,-4.66,158.04,0.62,111.8
301086,鸿富瀚,152.98,-1.64,158.34,9.94,100.28
002730,电光科技,29.91,-1.74,158.57,6.56,103.5
300984,金沃股份,58.48,2.2,159.07,4.49,51.81
300046,台基股份,30.78,0.2,159.46,6.33,72.8
300185,通裕重工,2.7,-2.53,160.47,1.54,103.84
688536,思瑞浦,305.98,0.55,160.74,6.64,415.06
600208,衢州发展,2.88,-1.37,161.61,0.59,245.03
300601,康泰生物,11.82,-2.07,162.52,1.44,106.42
002445,中南文化,3.61,-2.96,163.6,3.76,85.42
688275,万润新能,128.03,-4.05,163.98,2.93,161.47
000966,长源电力,5.28,-2.58,164.02,1.37,183.8
002025,航天电器,67.91,4.09,164.04,4.65,308.22
000901,航天科技,18.48,-1.75,165.88,3.47,147.51
300343,ST联创,6.56,-1.8,166.13,3.58,69.94
300696,爱乐达,30.33,1.98,166.3,4.65,81.01
603219,富佳股份,16.3,-2.69,166.54,5.76,91.51
002400,省广集团,7.61,-4.16,166.69,2.65,131.36
002405,四维图新,7.89,-3.19,167.67,2.12,185.86
002812,恩捷股份,64.37,-3.0,167.75,2.47,529.53
000631,顺发恒能,3.38,0.3,167.86,1.42,77.74
002024,ST易购,1.26,-3.82,168.97,0.95,116.59
605488,福莱新材,34.51,0.82,170.13,4.6,95.32
600498,烽火通信,52.75,1.4,170.97,4.08,670.78
300468,四方精创,23.63,0.55,174.13,7.74,125.19
301510,固高科技,33.8,-0.32,175.08,9.32,94.36
688351,微电生理,23.36,-4.07,176.47,6.08,109.93
688777,中控技术,88.42,-4.26,176.63,6.97,696.04
002256,兆新股份,4.41,-3.29,176.68,7.45,88.83
000628,高新发展,54.32,0.24,176.8,8.7,104.42
300834,星辉环材,48.41,1.94,177.63,3.26,93.15
605298,必得科技,54.31,0.85,178.1,9.88,101.15
688575,亚辉龙,9.75,-4.13,178.88,2.05,55.71
600893,航发动力,42.75,3.64,181.06,2.83,1139.34
002212,天融信,6.47,-2.56,182.26,0.8,75.49
600157,永泰能源,1.84,-0.54,182.98,0.86,401.45
002488,金固股份,10.52,1.94,183.62,3.02,96.79
688663,新风光,93.0,-0.94,184.0,9.49,131.57
688328,深科达,72.65,-2.1,184.56,8.16,68.62
002046,国机精工,56.18,-1.4,185.05,6.91,297.85
301137,哈焊华通,38.9,0.08,185.25,5.09,70.73
688767,博拓生物,37.78,0.91,186.12,2.5,56.42
002965,祥鑫科技,36.67,3.3,187.08,2.29,69.83
600977,中国电影,14.44,0.21,188.13,2.45,269.59
000869,张  裕Ａ,17.62,-2.54,191.35,1.1,80.19
603881,数据港,37.4,2.69,192.65,7.98,268.67
300215,电科院,7.37,-2.51,192.95,2.77,55.21
688385,复旦微电,57.31,-0.74,193.1,7.51,309.12
600203,福日电子,12.45,-0.56,193.27,4.47,73.83
300102,乾照光电,24.59,0.12,194.29,5.26,225.23
301293,三博脑科,57.63,-1.27,194.92,5.04,118.71
603220,中贝通信,22.87,-0.48,196.1,3.18,99.32
688403,汇成股份,20.18,4.18,197.34,5.05,199.97
300079,数码视讯,4.96,-3.31,198.09,1.72,63.56
603938,三孚股份,48.02,1.35,199.39,7.23,183.74
